datetime,instrument_name,price,amount,direction,index_price,iv
2025-10-10 20:50:02.181000+00:00,BTC-12OCT25-120000-C,0.0008,7.6,sell,116916.32,30.27
2025-10-10 20:50:02.205000+00:00,BTC-26DEC25-128000-P,0.1235,0.1,buy,116916.32,41.18
2025-10-10 20:50:02.347000+00:00,BTC-31OCT25-118000-P,0.04,0.2,buy,116916.32,38.65
2025-10-10 20:50:02.458000+00:00,BTC-31OCT25-118000-P,0.04,1.6,buy,116916.32,38.65
2025-10-10 20:50:02.493000+00:00,BTC-31OCT25-118000-P,0.04,0.5,buy,116916.32,38.65
2025-10-10 20:50:02.725000+00:00,BTC-17OCT25-123000-C,0.0039,5.0,sell,116904.23,36.36
2025-10-10 20:50:03.276000+00:00,BTC-13OCT25-110000-P,0.0012,0.2,buy,116904.23,50.1
2025-10-10 20:50:04.057000+00:00,BTC-13OCT25-117000-P,0.0105,0.3,sell,116869.99,31.43
2025-10-10 20:50:04.077000+00:00,BTC-13OCT25-117000-P,0.0105,0.1,sell,116869.99,31.43
2025-10-10 20:50:04.315000+00:00,BTC-31OCT25-115000-P,0.0285,15.0,sell,116869.99,39.62
2025-10-10 20:50:04.365000+00:00,BTC-31OCT25-115000-P,0.0285,9.6,sell,116869.99,39.62
2025-10-10 20:50:07.841000+00:00,BTC-26DEC25-124000-C,0.056,0.2,sell,116852.6,41.08
2025-10-10 20:50:07.857000+00:00,BTC-17OCT25-112000-P,0.007,0.1,buy,116852.6,42.33
2025-10-10 20:50:07.864000+00:00,BTC-12OCT25-118000-P,0.0125,0.1,buy,116852.6,26.01
2025-10-10 20:50:07.956000+00:00,BTC-13OCT25-110000-P,0.0012,0.8,buy,116856.66,49.78
2025-10-10 20:50:07.956000+00:00,BTC-27MAR26-115000-C,0.142,0.3,sell,116852.6,44.36
2025-10-10 20:50:08.466000+00:00,BTC-12OCT25-121000-C,0.0004,0.5,sell,116852.6,32.53
2025-10-10 20:50:09.132000+00:00,BTC-17OCT25-121000-C,0.0065,2.7,sell,116836.0,35.24
2025-10-10 20:50:10.065000+00:00,BTC-12OCT25-121000-C,0.0004,0.8,sell,116798.42,32.88
2025-10-10 20:50:10.146000+00:00,BTC-13OCT25-118000-P,0.016,0.1,buy,116798.42,31.85
2025-10-10 20:50:11.488000+00:00,BTC-13OCT25-120000-C,0.0019,2.1,sell,116778.99,30.81
2025-10-10 20:50:11.504000+00:00,BTC-13OCT25-120000-C,0.0019,0.1,sell,116778.99,30.81
2025-10-10 20:50:11.775000+00:00,BTC-13OCT25-118000-P,0.016,0.4,buy,116778.99,30.8
2025-10-10 20:50:12.342000+00:00,BTC-14OCT25-122000-C,0.0018,0.1,sell,116766.71,35.65
2025-10-10 20:50:12.342000+00:00,BTC-14OCT25-122000-C,0.0018,0.1,sell,116766.71,35.65
2025-10-10 20:50:12.352000+00:00,BTC-28NOV25-105000-C,0.1285,0.1,sell,116752.95,43.32
2025-10-10 20:50:12.352000+00:00,BTC-28NOV25-105000-C,0.1285,0.9,sell,116752.95,43.32
2025-10-10 20:50:12.366000+00:00,BTC-27MAR26-115000-P,0.0945,0.1,buy,116752.95,44.32
2025-10-10 20:50:12.479000+00:00,BTC-12OCT25-128000-C,0.0001,0.1,sell,116766.71,59.67
2025-10-10 20:50:12.479000+00:00,BTC-12OCT25-128000-C,0.0001,0.2,sell,116766.71,59.67
2025-10-10 20:50:12.511000+00:00,BTC-13OCT25-120000-C,0.0019,0.8,sell,116766.71,30.81
2025-10-10 20:50:12.756000+00:00,BTC-28NOV25-105000-C,0.1285,0.5,sell,116752.95,43.32
2025-10-10 20:50:12.758000+00:00,BTC-28NOV25-105000-C,0.1285,0.1,sell,116752.95,43.32
2025-10-10 20:50:12.902000+00:00,BTC-12OCT25-121000-C,0.0004,0.5,sell,116752.95,33.17
2025-10-10 20:50:12.907000+00:00,BTC-31OCT25-128000-C,0.008,21.8,sell,116752.95,38.11
2025-10-10 20:50:13.071000+00:00,BTC-13OCT25-118000-P,0.016,0.1,buy,116752.95,30.8
2025-10-10 20:50:13.092000+00:00,BTC-13OCT25-118000-P,0.016,3.4,buy,116752.95,30.8
2025-10-10 20:50:13.101000+00:00,BTC-13OCT25-118000-P,0.016,0.1,buy,116752.95,30.8
2025-10-10 20:50:13.106000+00:00,BTC-28NOV25-105000-C,0.1285,0.1,sell,116752.95,43.32
2025-10-10 20:50:13.212000+00:00,BTC-28NOV25-105000-C,0.1285,0.2,sell,116724.7,43.39
2025-10-10 20:50:13.216000+00:00,BTC-28NOV25-105000-C,0.1285,0.1,sell,116724.7,43.39
2025-10-10 20:50:13.279000+00:00,BTC-28NOV25-105000-C,0.1285,3.0,sell,116724.7,43.39
2025-10-10 20:50:13.917000+00:00,BTC-17OCT25-128000-C,0.0011,3.5,buy,116724.7,40.91
2025-10-10 20:50:14.200000+00:00,BTC-12OCT25-121000-C,0.0004,1.0,sell,116724.7,33.35
2025-10-10 20:50:14.888000+00:00,BTC-24OCT25-127000-C,0.0046,0.1,sell,116717.9,37.35
2025-10-10 20:50:14.961000+00:00,BTC-25SEP26-135000-C,0.147,0.1,sell,116717.9,45.68
2025-10-10 20:50:16.251000+00:00,BTC-17OCT25-119000-P,0.0305,0.1,buy,116698.61,36.7
2025-10-10 20:50:16.369000+00:00,BTC-12OCT25-121000-C,0.0004,0.4,sell,116713.4,33.42
2025-10-10 20:50:16.794000+00:00,BTC-17OCT25-108000-P,0.0034,1.0,buy,116698.61,48.56
2025-10-10 20:50:16.818000+00:00,BTC-31OCT25-115000-C,0.046,3.0,sell,116698.61,39.31
2025-10-10 20:50:16.849000+00:00,BTC-17OCT25-119000-C,0.0115,0.1,sell,116698.61,36.36
2025-10-10 20:50:16.872000+00:00,BTC-31OCT25-140000-C,0.0019,1.4,sell,116698.61,43.69
2025-10-10 20:50:16.952000+00:00,BTC-12OCT25-121000-C,0.0004,0.3,sell,116698.61,33.42
2025-10-10 20:50:17.145000+00:00,BTC-12OCT25-122000-C,0.0003,0.5,sell,116698.61,37.57
2025-10-10 20:50:17.163000+00:00,BTC-12OCT25-122000-C,0.0003,0.1,sell,116698.61,37.57
2025-10-10 20:50:17.177000+00:00,BTC-12OCT25-122000-C,0.0003,0.1,sell,116698.61,37.57
2025-10-10 20:50:17.192000+00:00,BTC-12OCT25-121000-C,0.0004,0.5,sell,116698.61,33.42
2025-10-10 20:50:17.385000+00:00,BTC-31OCT25-128000-C,0.008,2.9,sell,116698.61,38.23
2025-10-10 20:50:17.407000+00:00,BTC-25SEP26-125000-C,0.1775,0.1,sell,116698.61,45.75
2025-10-10 20:50:17.588000+00:00,BTC-28NOV25-116000-P,0.0515,0.3,buy,116664.14,40.32
2025-10-10 20:50:17.599000+00:00,BTC-28NOV25-134000-C,0.0155,1.0,sell,116664.14,39.69
2025-10-10 20:50:17.634000+00:00,BTC-17OCT25-118000-P,0.026,0.4,buy,116664.14,38.01
2025-10-10 20:50:17.650000+00:00,BTC-31OCT25-128000-C,0.008,13.1,sell,116664.14,38.31
2025-10-10 20:50:17.734000+00:00,BTC-26DEC25-118000-P,0.074,3.1,buy,116698.61,41.69
2025-10-10 20:50:17.744000+00:00,BTC-26DEC25-118000-P,0.074,1.9,buy,116698.61,41.69
2025-10-10 20:50:17.939000+00:00,BTC-17OCT25-116000-P,0.0175,0.4,buy,116664.14,38.96
2025-10-10 20:50:17.939000+00:00,BTC-17OCT25-116000-P,0.0175,2.0,buy,116664.14,38.96
2025-10-10 20:50:18.031000+00:00,BTC-17OCT25-116000-P,0.0175,0.6,buy,116664.14,38.96
2025-10-10 20:50:18.033000+00:00,BTC-17OCT25-112000-P,0.0075,0.1,buy,116664.14,42.67
2025-10-10 20:50:19.225000+00:00,BTC-31OCT25-122000-C,0.0189,12.8,sell,116615.46,37.94
2025-10-10 20:50:19.225000+00:00,BTC-31OCT25-136000-C,0.003,12.8,buy,116615.46,42.0
2025-10-10 20:50:19.420000+00:00,BTC-31OCT25-128000-C,0.008,11.9,sell,116615.46,38.43
2025-10-10 20:50:19.784000+00:00,BTC-31OCT25-128000-C,0.008,10.3,sell,116610.06,38.44
2025-10-10 20:50:20.141000+00:00,BTC-13OCT25-122000-C,0.0008,0.1,sell,116610.06,35.45
2025-10-10 20:50:20.141000+00:00,BTC-13OCT25-122000-C,0.0008,0.1,sell,116610.06,35.45
2025-10-10 20:50:20.243000+00:00,BTC-31OCT25-120000-C,0.0245,0.6,sell,116610.06,37.81
2025-10-10 20:50:20.697000+00:00,BTC-26DEC25-120000-P,0.0835,0.1,buy,116610.06,41.58
2025-10-10 20:50:21.911000+00:00,BTC-26DEC25-120000-P,0.0835,0.1,buy,116591.6,41.53
2025-10-10 20:50:22.097000+00:00,BTC-31OCT25-100000-P,0.0047,0.1,buy,116591.6,49.76
2025-10-10 20:50:22.203000+00:00,BTC-26DEC25-120000-P,0.0835,0.1,buy,116591.6,41.53
2025-10-10 20:50:23.978000+00:00,BTC-12OCT25-118000-C,0.0024,0.1,buy,116563.29,26.81
2025-10-10 20:50:25.345000+00:00,BTC-11OCT25-117000-P,0.007,0.2,buy,116586.49,35.36
2025-10-10 20:50:25.488000+00:00,BTC-31OCT25-60000-P,0.0001,0.1,buy,116586.49,98.18
2025-10-10 20:50:25.559000+00:00,BTC-31OCT25-134000-C,0.0035,0.2,sell,116586.49,40.33
2025-10-10 20:50:30.127000+00:00,BTC-27MAR26-140000-C,0.0625,0.1,buy,116548.4,43.9
2025-10-10 20:50:31.183000+00:00,BTC-28NOV25-100000-P,0.014,0.1,buy,116515.15,46.18
2025-10-10 20:50:31.462000+00:00,BTC-27MAR26-145000-C,0.053,0.1,buy,116515.15,44.09
2025-10-10 20:50:31.826000+00:00,BTC-17OCT25-118000-P,0.0265,0.2,buy,116529.32,37.6
2025-10-10 20:50:33.571000+00:00,BTC-26DEC25-124000-C,0.055,0.3,sell,116529.35,41.14
2025-10-10 20:50:33.584000+00:00,BTC-25SEP26-135000-C,0.146,0.1,sell,116529.35,45.58
2025-10-10 20:50:35.586000+00:00,BTC-31OCT25-134000-C,0.0035,0.2,sell,116505.09,40.49
2025-10-10 20:50:40.731000+00:00,BTC-12OCT25-115000-P,0.0032,0.2,buy,116508.76,32.29
2025-10-10 20:50:41.356000+00:00,BTC-11OCT25-116000-P,0.0036,1.2,buy,116501.89,38.97
2025-10-10 20:50:41.399000+00:00,BTC-31OCT25-102000-P,0.006,0.4,buy,116504.32,47.89
2025-10-10 20:50:43.978000+00:00,BTC-13OCT25-116000-C,0.013,0.1,buy,116468.0,32.13
2025-10-10 20:50:43.981000+00:00,BTC-13OCT25-116000-C,0.013,0.3,buy,116468.0,32.13
2025-10-10 20:50:44.010000+00:00,BTC-13OCT25-116000-C,0.013,0.1,buy,116455.19,32.69
2025-10-10 20:50:44.015000+00:00,BTC-13OCT25-116000-C,0.013,0.2,buy,116455.19,32.69
2025-10-10 20:50:44.877000+00:00,BTC-17OCT25-118000-P,0.027,0.2,buy,116455.19,37.79
2025-10-10 20:50:45.917000+00:00,BTC-13OCT25-116000-C,0.013,1.2,buy,116462.25,32.69
2025-10-10 20:50:47.305000+00:00,BTC-11OCT25-117000-C,0.0032,1.0,buy,116471.36,34.85
2025-10-10 20:50:49.705000+00:00,BTC-24OCT25-124000-C,0.0075,0.1,buy,116457.74,36.24
2025-10-10 20:50:49.729000+00:00,BTC-24OCT25-124000-C,0.0075,0.3,buy,116457.74,36.24
2025-10-10 20:50:49.931000+00:00,BTC-24OCT25-124000-C,0.0075,0.1,buy,116457.74,36.24
2025-10-10 20:50:49.937000+00:00,BTC-24OCT25-124000-C,0.0075,0.1,buy,116457.74,36.24
2025-10-10 20:50:49.943000+00:00,BTC-24OCT25-124000-C,0.0075,0.3,buy,116457.74,36.24
2025-10-10 20:50:50.320000+00:00,BTC-31OCT25-102000-P,0.006,0.1,buy,116457.74,47.78
2025-10-10 20:50:51.080000+00:00,BTC-24OCT25-122000-C,0.011,0.3,sell,116489.3,35.88
2025-10-10 20:50:51.080000+00:00,BTC-24OCT25-122000-C,0.011,1.1,sell,116489.3,35.88
2025-10-10 20:50:52.555000+00:00,BTC-24OCT25-124000-C,0.0075,0.1,buy,116502.06,36.1
2025-10-10 20:50:52.782000+00:00,BTC-17OCT25-120000-C,0.0085,0.1,buy,116503.17,36.64
2025-10-10 20:50:52.994000+00:00,BTC-17OCT25-120000-C,0.0085,0.1,buy,116503.17,36.64
2025-10-10 20:50:54.132000+00:00,BTC-31OCT25-115000-P,0.03,15.0,sell,116499.46,39.69
2025-10-10 20:50:54.133000+00:00,BTC-31OCT25-115000-P,0.03,1.9,sell,116499.46,39.69
2025-10-10 20:50:59.879000+00:00,BTC-28NOV25-100000-P,0.014,0.1,buy,116466.4,46.14
2025-10-10 20:51:00.157000+00:00,BTC-11OCT25-117000-C,0.0033,0.2,buy,116466.4,36.52
2025-10-10 20:51:00.367000+00:00,BTC-11OCT25-117000-C,0.0033,1.0,buy,116456.3,36.82
2025-10-10 20:51:00.384000+00:00,BTC-11OCT25-117000-C,0.0033,0.1,buy,116456.3,36.82
2025-10-10 20:51:00.421000+00:00,BTC-11OCT25-117000-C,0.0033,1.0,buy,116456.3,36.82
2025-10-10 20:51:00.589000+00:00,BTC-31OCT25-134000-C,0.0035,0.2,sell,116487.21,40.52
2025-10-10 20:51:04.937000+00:00,BTC-17OCT25-120000-C,0.0085,0.3,buy,116478.61,36.75
2025-10-10 20:51:04.964000+00:00,BTC-17OCT25-120000-C,0.0085,0.8,buy,116478.61,36.75
2025-10-10 20:51:04.997000+00:00,BTC-17OCT25-120000-C,0.0085,0.3,buy,116478.61,36.75
2025-10-10 20:51:05.025000+00:00,BTC-17OCT25-120000-C,0.0085,0.3,buy,116478.61,36.75
2025-10-10 20:51:05.136000+00:00,BTC-17OCT25-120000-C,0.0085,0.1,buy,116478.61,36.75
2025-10-10 20:51:05.211000+00:00,BTC-17OCT25-120000-C,0.0085,0.2,buy,116478.61,36.75
2025-10-10 20:51:05.217000+00:00,BTC-17OCT25-120000-C,0.0085,0.1,buy,116478.61,36.75
2025-10-10 20:51:05.235000+00:00,BTC-17OCT25-120000-C,0.0085,0.1,buy,116478.61,36.75
2025-10-10 20:51:08.016000+00:00,BTC-26DEC25-112000-P,0.0515,0.2,buy,116529.14,42.32
2025-10-10 20:51:09.575000+00:00,BTC-12OCT25-118000-C,0.0025,0.1,buy,116544.84,27.6
2025-10-10 20:51:10.605000+00:00,BTC-31OCT25-134000-C,0.0035,0.2,sell,116579.21,40.32
2025-10-10 20:51:10.752000+00:00,BTC-26DEC25-112000-P,0.0515,0.2,buy,116551.96,42.37
2025-10-10 20:51:12.242000+00:00,BTC-28NOV25-70000-P,0.0014,0.2,sell,116570.42,69.11
2025-10-10 20:51:12.658000+00:00,BTC-12OCT25-118000-P,0.0145,0.1,buy,116570.42,27.32
2025-10-10 20:51:22.104000+00:00,BTC-26DEC25-130000-C,0.039,0.1,sell,116522.44,41.19
2025-10-10 20:51:22.577000+00:00,BTC-28NOV25-100000-P,0.014,0.7,buy,116522.44,46.22
2025-10-10 20:51:22.644000+00:00,BTC-17OCT25-121000-C,0.006,1.3,sell,116522.44,35.47
2025-10-10 20:51:22.644000+00:00,BTC-17OCT25-121000-C,0.006,1.8,sell,116522.44,35.47
2025-10-10 20:51:22.661000+00:00,BTC-17OCT25-121000-C,0.006,0.1,buy,116522.44,35.47
2025-10-10 20:51:33.316000+00:00,BTC-28NOV25-102000-P,0.0165,1.0,buy,116445.52,44.97
2025-10-10 20:51:42.365000+00:00,BTC-17OCT25-115000-C,0.028,0.1,sell,116442.04,39.33
2025-10-10 20:51:42.496000+00:00,BTC-17OCT25-115000-C,0.028,1.0,sell,116433.54,39.42
2025-10-10 20:51:42.520000+00:00,BTC-17OCT25-115000-C,0.028,0.1,sell,116433.54,39.42
2025-10-10 20:51:42.520000+00:00,BTC-17OCT25-115000-C,0.028,0.1,sell,116433.54,39.42
2025-10-10 20:51:42.534000+00:00,BTC-17OCT25-115000-C,0.028,0.1,sell,116433.54,39.42
2025-10-10 20:51:42.645000+00:00,BTC-17OCT25-115000-C,0.028,0.6,sell,116433.54,39.42
2025-10-10 20:51:42.740000+00:00,BTC-12OCT25-116000-P,0.0055,0.2,buy,116433.54,29.03
2025-10-10 20:51:42.740000+00:00,BTC-12OCT25-116000-P,0.0055,0.1,buy,116433.54,29.03
2025-10-10 20:51:42.754000+00:00,BTC-13OCT25-116000-C,0.0125,0.1,sell,116433.54,31.54
2025-10-10 20:51:42.828000+00:00,BTC-12OCT25-116000-P,0.0055,0.3,buy,116433.54,29.03
2025-10-10 20:51:42.828000+00:00,BTC-12OCT25-116000-P,0.0055,0.1,buy,116433.54,29.03
2025-10-10 20:51:42.938000+00:00,BTC-12OCT25-116000-P,0.0055,0.6,buy,116418.31,29.03
2025-10-10 20:51:43.040000+00:00,BTC-12OCT25-116000-P,0.0055,0.1,buy,116418.31,29.03
2025-10-10 20:51:43.084000+00:00,BTC-12OCT25-116000-P,0.0055,0.2,buy,116418.31,29.03
2025-10-10 20:51:43.104000+00:00,BTC-26DEC25-170000-C,0.0047,1.0,buy,116418.31,46.8
2025-10-10 20:51:43.104000+00:00,BTC-12OCT25-116000-P,0.0055,0.4,buy,116418.31,29.03
2025-10-10 20:51:43.137000+00:00,BTC-12OCT25-116000-P,0.0055,0.2,buy,116418.31,29.03
2025-10-10 20:51:43.177000+00:00,BTC-12OCT25-116000-P,0.0055,1.1,buy,116418.31,29.03
2025-10-10 20:51:43.213000+00:00,BTC-12OCT25-116000-P,0.0055,0.1,buy,116418.31,29.03
2025-10-10 20:51:43.214000+00:00,BTC-12OCT25-116000-P,0.0055,0.1,buy,116418.31,29.03
2025-10-10 20:51:43.229000+00:00,BTC-12OCT25-116000-P,0.0055,0.3,buy,116418.31,29.03
2025-10-10 20:51:43.239000+00:00,BTC-12OCT25-116000-P,0.0055,0.3,buy,116418.31,29.03
2025-10-10 20:51:43.849000+00:00,BTC-26DEC25-75000-P,0.005,0.1,buy,116418.31,61.52
2025-10-10 20:51:44.273000+00:00,BTC-12OCT25-115000-P,0.0034,0.4,buy,116368.58,32.65
2025-10-10 20:51:44.273000+00:00,BTC-12OCT25-115000-P,0.0034,0.3,buy,116368.58,32.65
2025-10-10 20:51:49.181000+00:00,BTC-24OCT25-124000-C,0.008,0.1,buy,116359.19,37.46
2025-10-10 20:51:52.283000+00:00,BTC-24OCT25-105000-P,0.006,0.1,buy,116362.41,48.97
2025-10-10 20:51:52.964000+00:00,BTC-24OCT25-123000-C,0.009,1.0,buy,116367.31,36.22
2025-10-10 20:51:54.116000+00:00,BTC-31OCT25-115000-P,0.0305,1.2,sell,116375.47,39.72
2025-10-10 20:51:54.120000+00:00,BTC-31OCT25-115000-P,0.0305,0.3,sell,116375.47,39.72
2025-10-10 20:51:54.333000+00:00,BTC-31OCT25-115000-P,0.0305,0.4,sell,116375.47,39.72
2025-10-10 20:51:54.361000+00:00,BTC-31OCT25-115000-P,0.0305,0.3,sell,116375.47,39.72
2025-10-10 20:51:54.371000+00:00,BTC-31OCT25-115000-P,0.0305,0.2,sell,116375.47,39.72
2025-10-10 20:51:54.546000+00:00,BTC-31OCT25-115000-P,0.0305,0.2,sell,116375.47,39.72
2025-10-10 20:51:54.621000+00:00,BTC-31OCT25-115000-P,0.0305,0.1,sell,116382.04,39.75
2025-10-10 20:51:54.632000+00:00,BTC-31OCT25-115000-P,0.0305,0.1,sell,116382.04,39.75
2025-10-10 20:51:54.639000+00:00,BTC-31OCT25-115000-P,0.0305,0.1,sell,116382.04,39.75
2025-10-10 20:51:54.711000+00:00,BTC-31OCT25-115000-P,0.0305,0.6,sell,116382.04,39.75
2025-10-10 20:51:54.735000+00:00,BTC-31OCT25-115000-P,0.0305,0.1,sell,116382.04,39.75
2025-10-10 20:51:54.834000+00:00,BTC-27MAR26-155000-C,0.038,0.1,buy,116382.04,44.52
2025-10-10 20:51:54.907000+00:00,BTC-31OCT25-115000-P,0.0305,0.1,sell,116382.04,39.75
2025-10-10 20:51:54.933000+00:00,BTC-31OCT25-115000-P,0.0305,0.1,sell,116382.04,39.75
2025-10-10 20:51:54.943000+00:00,BTC-24OCT25-122000-C,0.011,4.1,buy,116382.04,36.26
2025-10-10 20:51:55.026000+00:00,BTC-31OCT25-115000-P,0.0305,0.3,sell,116382.04,39.75
2025-10-10 20:51:55.059000+00:00,BTC-31OCT25-115000-P,0.0305,0.3,sell,116382.04,39.75
2025-10-10 20:51:55.060000+00:00,BTC-31OCT25-115000-P,0.0305,8.9,sell,116382.04,39.75
2025-10-10 20:52:04.731000+00:00,BTC-27MAR26-190000-C,0.0135,0.1,buy,116429.31,47.05
2025-10-10 20:52:07.833000+00:00,BTC-12OCT25-122000-C,0.0003,0.1,sell,116414.01,39.3
2025-10-10 20:52:07.945000+00:00,BTC-12OCT25-122000-C,0.0003,0.1,sell,116420.47,39.3
2025-10-10 20:52:09.767000+00:00,BTC-11OCT25-117000-C,0.0029,1.6,sell,116423.11,34.9
2025-10-10 20:52:16.165000+00:00,BTC-12OCT25-115000-P,0.0034,0.3,buy,116337.73,31.48
2025-10-10 20:52:16.170000+00:00,BTC-12OCT25-115000-P,0.0034,0.2,buy,116337.73,31.48
2025-10-10 20:52:16.184000+00:00,BTC-12OCT25-115000-P,0.0034,0.2,buy,116337.73,31.48
2025-10-10 20:52:16.194000+00:00,BTC-12OCT25-115000-P,0.0034,0.1,buy,116337.73,31.48
2025-10-10 20:52:16.230000+00:00,BTC-12OCT25-122000-C,0.0003,0.1,sell,116337.73,39.75
2025-10-10 20:52:16.348000+00:00,BTC-12OCT25-122000-C,0.0003,0.1,sell,116337.73,39.75
2025-10-10 20:52:17.885000+00:00,BTC-17OCT25-116000-P,0.0198,100.0,buy,116319.53,40.65
2025-10-10 20:52:19.281000+00:00,BTC-24OCT25-114000-P,0.0205,7.9,sell,116320.99,39.65
2025-10-10 20:52:20.453000+00:00,BTC-26DEC25-75000-P,0.005,0.1,buy,116334.85,61.43
2025-10-10 20:52:20.619000+00:00,BTC-17OCT25-95000-P,0.0006,0.1,buy,116313.44,73.38
2025-10-10 20:52:20.683000+00:00,BTC-17OCT25-116000-P,0.019,0.3,sell,116313.44,39.09
2025-10-10 20:52:20.689000+00:00,BTC-17OCT25-116000-P,0.019,0.2,sell,116313.44,39.09
2025-10-10 20:52:20.708000+00:00,BTC-17OCT25-116000-P,0.019,1.3,sell,116313.44,39.09
2025-10-10 20:52:20.709000+00:00,BTC-17OCT25-116000-P,0.019,0.3,sell,116313.44,39.09
2025-10-10 20:52:20.725000+00:00,BTC-17OCT25-116000-P,0.019,0.1,sell,116313.44,39.09
2025-10-10 20:52:20.730000+00:00,BTC-17OCT25-116000-P,0.019,1.2,sell,116313.44,39.09
2025-10-10 20:52:20.746000+00:00,BTC-17OCT25-116000-P,0.019,0.3,sell,116313.44,39.09
2025-10-10 20:52:20.772000+00:00,BTC-17OCT25-116000-P,0.019,0.8,sell,116313.44,39.09
2025-10-10 20:52:20.777000+00:00,BTC-17OCT25-116000-P,0.019,0.1,sell,116313.44,39.09
2025-10-10 20:52:20.781000+00:00,BTC-17OCT25-116000-P,0.019,0.1,sell,116313.44,39.09
2025-10-10 20:52:20.805000+00:00,BTC-17OCT25-115000-P,0.0155,0.3,sell,116313.44,39.81
2025-10-10 20:52:20.810000+00:00,BTC-17OCT25-116000-P,0.019,0.1,sell,116313.44,39.09
2025-10-10 20:52:20.824000+00:00,BTC-17OCT25-116000-P,0.019,0.1,sell,116313.44,39.09
2025-10-10 20:52:20.835000+00:00,BTC-17OCT25-116000-P,0.019,0.8,sell,116313.44,39.09
2025-10-10 20:52:20.837000+00:00,BTC-17OCT25-116000-P,0.019,0.6,sell,116313.44,39.09
2025-10-10 20:52:21.714000+00:00,BTC-12OCT25-122000-C,0.0003,0.1,sell,116313.44,39.77
2025-10-10 20:52:22.132000+00:00,BTC-26DEC25-85000-P,0.0095,2.3,sell,116329.59,54.9
2025-10-10 20:52:25.601000+00:00,BTC-17OCT25-120000-C,0.008,3.8,sell,116331.85,36.46
2025-10-10 20:52:27.198000+00:00,BTC-11OCT25-115000-P,0.0021,0.2,buy,116326.75,44.24
2025-10-10 20:52:28.394000+00:00,BTC-11OCT25-115000-P,0.0021,0.3,buy,116311.96,44.24
2025-10-10 20:52:28.394000+00:00,BTC-11OCT25-115000-P,0.0021,0.1,buy,116311.96,44.24
2025-10-10 20:52:28.411000+00:00,BTC-11OCT25-115000-P,0.0021,0.1,buy,116311.96,44.24
2025-10-10 20:52:30.547000+00:00,BTC-24OCT25-112000-P,0.0155,0.6,buy,116287.46,41.24
2025-10-10 20:52:32.257000+00:00,BTC-26JUN26-200000-C,0.026,0.1,sell,116257.99,47.17
2025-10-10 20:52:32.282000+00:00,BTC-26JUN26-200000-C,0.026,0.2,sell,116257.99,47.17
2025-10-10 20:52:32.367000+00:00,BTC-25SEP26-125000-C,0.177,0.1,sell,116245.43,46.04
2025-10-10 20:52:32.583000+00:00,BTC-26DEC25-150000-C,0.012,0.1,sell,116257.99,43.08
2025-10-10 20:52:32.820000+00:00,BTC-28NOV25-102000-P,0.017,0.1,buy,116245.43,45.13
2025-10-10 20:52:33.460000+00:00,BTC-28NOV25-122000-P,0.082,0.1,buy,116211.24,39.86
2025-10-10 20:52:33.505000+00:00,BTC-28NOV25-122000-P,0.082,0.3,buy,116211.24,39.86
2025-10-10 20:52:37.921000+00:00,BTC-17OCT25-115000-P,0.016,0.5,sell,116213.68,40.0
2025-10-10 20:52:38.560000+00:00,BTC-26DEC25-118000-C,0.0755,1.0,buy,116213.68,41.53
2025-10-10 20:52:41.781000+00:00,BTC-27MAR26-75000-P,0.014,0.5,buy,116199.59,54.69
2025-10-10 20:52:41.792000+00:00,BTC-27MAR26-80000-P,0.018,0.4,buy,116199.59,52.41
2025-10-10 20:52:46.490000+00:00,BTC-17OCT25-113000-P,0.011,1.1,sell,116165.45,42.48
2025-10-10 20:52:46.524000+00:00,BTC-31OCT25-104000-P,0.008,0.1,buy,116185.65,46.14
2025-10-10 20:52:47.038000+00:00,BTC-31OCT25-130000-C,0.0055,0.1,sell,116165.45,38.86
2025-10-10 20:52:47.409000+00:00,BTC-17OCT25-121000-C,0.0055,1.0,sell,116154.87,36.03
2025-10-10 20:52:47.409000+00:00,BTC-24OCT25-108000-P,0.009,0.5,buy,116165.45,45.07
2025-10-10 20:52:48.796000+00:00,BTC-25SEP26-125000-P,0.1785,0.1,buy,116154.87,45.52
2025-10-10 20:52:48.858000+00:00,BTC-17OCT25-128000-C,0.001,0.1,sell,116131.97,42.0
2025-10-10 20:52:48.858000+00:00,BTC-17OCT25-128000-C,0.001,0.1,sell,116131.97,42.0
2025-10-10 20:52:48.858000+00:00,BTC-17OCT25-128000-C,0.001,0.5,sell,116131.97,42.0
2025-10-10 20:52:48.858000+00:00,BTC-17OCT25-128000-C,0.001,0.2,sell,116131.97,42.0
2025-10-10 20:52:48.891000+00:00,BTC-26DEC25-115000-C,0.088,0.5,sell,116154.87,41.73
2025-10-10 20:52:49.288000+00:00,BTC-13OCT25-120000-C,0.0014,0.1,buy,116131.97,32.06
2025-10-10 20:52:49.288000+00:00,BTC-13OCT25-120000-C,0.0014,0.1,buy,116131.97,32.06
2025-10-10 20:52:49.570000+00:00,BTC-24OCT25-126000-C,0.005,0.1,sell,116131.97,37.42
2025-10-10 20:52:50.351000+00:00,BTC-31OCT25-110000-P,0.0175,1.0,buy,116098.26,42.42
2025-10-10 20:52:50.513000+00:00,BTC-25SEP26-125000-C,0.1765,0.1,sell,116098.26,46.03
2025-10-10 20:52:51.041000+00:00,BTC-17OCT25-116000-P,0.0205,1.6,sell,116090.47,40.02
2025-10-10 20:52:52.773000+00:00,BTC-24OCT25-108000-P,0.009,0.6,buy,116080.96,44.79
2025-10-10 20:52:52.776000+00:00,BTC-24OCT25-108000-P,0.009,0.1,buy,116080.96,44.79
2025-10-10 20:52:52.780000+00:00,BTC-24OCT25-108000-P,0.009,0.5,buy,116080.96,44.79
2025-10-10 20:52:52.787000+00:00,BTC-24OCT25-108000-P,0.009,0.1,buy,116080.96,44.79
2025-10-10 20:52:53.464000+00:00,BTC-24OCT25-108000-P,0.009,8.2,buy,116080.96,44.79
2025-10-10 20:52:53.603000+00:00,BTC-26JUN26-170000-C,0.049,0.6,sell,116080.96,45.86
2025-10-10 20:52:53.622000+00:00,BTC-26JUN26-170000-C,0.049,0.1,sell,116072.52,45.86
2025-10-10 20:52:53.624000+00:00,BTC-26JUN26-170000-C,0.049,1.1,sell,116072.52,45.86
2025-10-10 20:52:53.639000+00:00,BTC-26JUN26-170000-C,0.049,0.1,sell,116072.52,45.86
2025-10-10 20:52:53.651000+00:00,BTC-26JUN26-170000-C,0.049,0.1,sell,116072.52,45.86
2025-10-10 20:52:53.653000+00:00,BTC-26DEC25-85000-C,0.2875,0.2,sell,116080.96,53.92
2025-10-10 20:52:53.664000+00:00,BTC-26JUN26-170000-C,0.049,0.3,sell,116072.52,45.86
2025-10-10 20:52:53.665000+00:00,BTC-31OCT25-115000-C,0.043,1.9,sell,116072.52,39.27
2025-10-10 20:52:53.682000+00:00,BTC-31OCT25-115000-C,0.043,0.4,sell,116072.52,39.27
2025-10-10 20:52:53.697000+00:00,BTC-26DEC25-136000-C,0.0265,0.1,sell,116080.96,41.56
2025-10-10 20:52:53.710000+00:00,BTC-26JUN26-170000-C,0.049,0.1,sell,116072.52,45.86
2025-10-10 20:52:54.594000+00:00,BTC-26DEC25-85000-C,0.2875,0.4,sell,116072.52,54.01
2025-10-10 20:52:54.759000+00:00,BTC-26DEC25-85000-C,0.2875,0.1,sell,116072.52,54.01
2025-10-10 20:52:54.761000+00:00,BTC-26DEC25-85000-C,0.2875,0.2,sell,116072.52,54.01
2025-10-10 20:52:54.775000+00:00,BTC-26DEC25-85000-C,0.2875,1.0,sell,116072.52,54.01
2025-10-10 20:52:55.144000+00:00,BTC-26DEC25-85000-C,0.2875,1.1,sell,116036.29,54.34
2025-10-10 20:52:55.169000+00:00,BTC-17OCT25-122000-P,0.056,0.5,buy,116036.29,41.05
2025-10-10 20:52:55.715000+00:00,BTC-26JUN26-170000-C,0.049,1.0,sell,116007.07,45.89
2025-10-10 20:52:55.746000+00:00,BTC-26DEC25-85000-C,0.2875,7.9,sell,116036.29,54.34
2025-10-10 20:52:55.790000+00:00,BTC-31OCT25-118000-P,0.045,0.3,sell,116007.07,39.09
2025-10-10 20:52:55.815000+00:00,BTC-26DEC25-85000-C,0.2875,0.5,sell,116036.29,54.34
2025-10-10 20:52:56.132000+00:00,BTC-17OCT25-114000-P,0.014,0.3,sell,116007.07,41.44
2025-10-10 20:52:56.141000+00:00,BTC-14OCT25-116000-P,0.014,1.0,sell,116007.07,37.29
2025-10-10 20:52:56.189000+00:00,BTC-13OCT25-116000-P,0.011,0.2,sell,116007.07,34.42
2025-10-10 20:52:56.253000+00:00,BTC-31OCT25-115000-P,0.032,0.1,sell,116007.07,39.7
2025-10-10 20:52:56.783000+00:00,BTC-26DEC25-85000-C,0.2875,6.5,sell,116007.07,54.61
2025-10-10 20:52:56.807000+00:00,BTC-26DEC25-85000-C,0.2875,2.0,sell,116007.07,54.61
2025-10-10 20:52:57.437000+00:00,BTC-13OCT25-119000-P,0.029,0.1,buy,115971.46,38.95
2025-10-10 20:52:57.578000+00:00,BTC-17OCT25-114000-P,0.0145,0.3,buy,115972.89,42.21
2025-10-10 20:52:57.613000+00:00,BTC-31OCT25-112000-P,0.0225,0.1,buy,115971.46,41.01
2025-10-10 20:52:57.617000+00:00,BTC-31OCT25-112000-P,0.0225,0.2,buy,115971.46,41.01
2025-10-10 20:52:57.824000+00:00,BTC-17OCT25-114000-P,0.0145,0.1,buy,115972.89,42.21
2025-10-10 20:52:58.076000+00:00,BTC-17OCT25-114000-P,0.0145,0.2,buy,115972.89,42.21
2025-10-10 20:52:58.383000+00:00,BTC-26JUN26-170000-C,0.049,1.4,sell,115972.89,45.93
2025-10-10 20:52:58.583000+00:00,BTC-17OCT25-114000-P,0.0145,0.1,buy,115920.31,41.85
2025-10-10 20:52:58.584000+00:00,BTC-26JUN26-170000-C,0.049,0.4,sell,115972.89,45.93
2025-10-10 20:52:58.802000+00:00,BTC-17OCT25-132000-C,0.0005,0.1,sell,115920.31,47.41
2025-10-10 20:52:58.812000+00:00,BTC-17OCT25-114000-P,0.0145,0.1,buy,115920.31,41.85
2025-10-10 20:52:58.836000+00:00,BTC-13OCT25-123000-C,0.0005,0.1,sell,115972.89,39.95
2025-10-10 20:52:58.920000+00:00,BTC-24OCT25-116000-P,0.0295,0.1,buy,115920.31,39.07
2025-10-10 20:52:58.922000+00:00,BTC-31OCT25-120000-C,0.0225,1.2,sell,115920.31,38.1
2025-10-10 20:52:58.951000+00:00,BTC-31OCT25-120000-C,0.0225,0.2,sell,115920.31,38.1
2025-10-10 20:52:58.951000+00:00,BTC-31OCT25-120000-C,0.0225,0.4,sell,115920.31,38.1
2025-10-10 20:52:59.087000+00:00,BTC-17OCT25-114000-P,0.0145,2.2,buy,115920.31,41.85
2025-10-10 20:53:00.775000+00:00,BTC-27MAR26-100000-P,0.05,0.1,sell,115882.23,46.29
2025-10-10 20:53:00.856000+00:00,BTC-14OCT25-130000-C,0.0004,2.7,sell,115882.23,55.88
2025-10-10 20:53:01.246000+00:00,BTC-13OCT25-123000-C,0.0005,0.6,sell,115882.23,40.2
2025-10-10 20:53:01.255000+00:00,BTC-13OCT25-123000-C,0.0005,0.1,sell,115882.23,40.2
2025-10-10 20:53:01.279000+00:00,BTC-13OCT25-124000-C,0.0004,0.1,sell,115882.23,42.95
2025-10-10 20:53:01.291000+00:00,BTC-11OCT25-119000-C,0.0004,1.0,sell,115882.23,44.24
2025-10-10 20:53:01.304000+00:00,BTC-17OCT25-122000-P,0.057,0.5,buy,115882.23,39.81
2025-10-10 20:53:01.315000+00:00,BTC-26DEC25-125000-C,0.05,0.1,sell,115882.23,41.21
2025-10-10 20:53:01.318000+00:00,BTC-31OCT25-119000-C,0.0255,0.3,sell,115882.23,38.11
2025-10-10 20:53:01.319000+00:00,BTC-27MAR26-110000-P,0.08,0.4,buy,115882.23,45.02
2025-10-10 20:53:01.553000+00:00,BTC-27MAR26-100000-P,0.0505,1.6,buy,115878.53,46.52
2025-10-10 20:53:01.553000+00:00,BTC-27MAR26-100000-P,0.0505,0.4,buy,115878.53,46.52
2025-10-10 20:53:01.617000+00:00,BTC-28NOV25-155000-C,0.0034,0.1,sell,115878.53,45.42
2025-10-10 20:53:01.625000+00:00,BTC-28NOV25-155000-C,0.0034,0.1,sell,115878.53,45.42
2025-10-10 20:53:02.411000+00:00,BTC-11OCT25-114000-P,0.0021,0.2,buy,115878.53,55.69
2025-10-10 20:53:03.308000+00:00,BTC-24OCT25-125000-C,0.0055,0.3,sell,115826.98,36.86
2025-10-10 20:53:03.312000+00:00,BTC-24OCT25-125000-C,0.0055,1.3,buy,115826.98,36.86
2025-10-10 20:53:03.334000+00:00,BTC-24OCT25-125000-C,0.0055,0.4,buy,115826.98,36.86
2025-10-10 20:53:03.520000+00:00,BTC-11OCT25-119000-C,0.0004,0.9,sell,115826.98,44.24
2025-10-10 20:53:03.534000+00:00,BTC-11OCT25-119000-C,0.0004,0.2,sell,115811.84,44.24
2025-10-10 20:53:04.538000+00:00,BTC-28NOV25-100000-P,0.015,0.1,buy,115797.66,46.13
2025-10-10 20:53:04.908000+00:00,BTC-11OCT25-119000-C,0.0004,2.9,sell,115797.66,44.24
2025-10-10 20:53:05.340000+00:00,BTC-28NOV25-150000-C,0.0043,0.9,sell,115750.24,43.41
2025-10-10 20:53:05.540000+00:00,BTC-13OCT25-124000-C,0.0004,1.2,sell,115797.66,43.45
2025-10-10 20:53:05.540000+00:00,BTC-24OCT25-127000-C,0.004,0.2,sell,115797.66,38.26
2025-10-10 20:53:06.073000+00:00,BTC-28NOV25-150000-C,0.0043,0.1,buy,115750.24,43.41
2025-10-10 20:53:06.328000+00:00,BTC-31OCT25-140000-C,0.0018,0.1,sell,115750.24,44.86
2025-10-10 20:53:06.399000+00:00,BTC-11OCT25-114000-P,0.0022,0.1,buy,115750.24,53.68
2025-10-10 20:53:06.496000+00:00,BTC-11OCT25-114000-P,0.0022,2.3,buy,115750.24,53.68
2025-10-10 20:53:06.595000+00:00,BTC-11OCT25-114000-P,0.0022,0.1,buy,115722.24,53.68
2025-10-10 20:53:06.625000+00:00,BTC-11OCT25-114000-P,0.0022,0.1,buy,115722.24,53.68
2025-10-10 20:53:07.336000+00:00,BTC-26JUN26-80000-P,0.0295,0.1,buy,115722.24,50.89
2025-10-10 20:53:07.540000+00:00,BTC-26DEC25-116000-C,0.082,1.4,buy,115722.24,41.85
2025-10-10 20:53:07.553000+00:00,BTC-13OCT25-124000-C,0.0004,0.5,sell,115722.24,43.45
2025-10-10 20:53:07.608000+00:00,BTC-13OCT25-125000-C,0.0003,0.1,sell,115722.24,45.81
2025-10-10 20:53:08.360000+00:00,BTC-26DEC25-85000-P,0.01,3.8,sell,115696.9,54.9
2025-10-10 20:53:08.401000+00:00,BTC-26DEC25-85000-P,0.01,0.1,sell,115696.9,54.9
2025-10-10 20:53:08.424000+00:00,BTC-12OCT25-118000-P,0.0215,0.1,buy,115696.9,31.35
2025-10-10 20:53:08.537000+00:00,BTC-26DEC25-85000-P,0.01,0.1,sell,115696.9,54.9
2025-10-10 20:53:08.544000+00:00,BTC-26DEC25-85000-P,0.01,1.0,sell,115696.9,54.9
2025-10-10 20:53:08.613000+00:00,BTC-26JUN26-90000-P,0.046,0.2,buy,115696.9,48.42
2025-10-10 20:53:08.689000+00:00,BTC-11OCT25-125000-P,0.0805,0.4,sell,115679.07,109.57
2025-10-10 20:53:09.002000+00:00,BTC-31OCT25-95000-P,0.0033,0.1,sell,115679.07,55.33
2025-10-10 20:53:09.011000+00:00,BTC-31OCT25-95000-P,0.0033,0.1,sell,115679.07,55.33
2025-10-10 20:53:09.026000+00:00,BTC-31OCT25-95000-P,0.0033,0.1,sell,115679.07,55.33
2025-10-10 20:53:09.040000+00:00,BTC-31OCT25-95000-P,0.0033,0.1,sell,115679.07,55.33
2025-10-10 20:53:09.270000+00:00,BTC-12OCT25-118000-C,0.0014,0.1,buy,115679.07,29.45
2025-10-10 20:53:09.433000+00:00,BTC-31OCT25-118000-P,0.0465,0.2,sell,115679.07,38.8
2025-10-10 20:53:09.599000+00:00,BTC-12OCT25-116000-P,0.009,1.5,sell,115679.07,30.03
2025-10-10 20:53:09.599000+00:00,BTC-14OCT25-117000-P,0.02,0.3,sell,115679.07,37.08
2025-10-10 20:53:09.622000+00:00,BTC-12OCT25-116000-P,0.009,0.6,sell,115679.07,30.03
2025-10-10 20:53:09.698000+00:00,BTC-17OCT25-117000-P,0.0265,0.5,sell,115672.02,38.56
2025-10-10 20:53:09.735000+00:00,BTC-24OCT25-117000-P,0.0345,0.1,sell,115672.02,37.9
2025-10-10 20:53:09.743000+00:00,BTC-24OCT25-117000-P,0.0345,1.6,sell,115672.02,37.9
2025-10-10 20:53:09.756000+00:00,BTC-24OCT25-117000-P,0.0345,0.8,sell,115672.02,37.9
2025-10-10 20:53:10.107000+00:00,BTC-11OCT25-114000-P,0.0021,2.4,sell,115672.02,50.58
2025-10-10 20:53:10.536000+00:00,BTC-24OCT25-121000-C,0.012,0.1,buy,115672.02,37.03
2025-10-10 20:53:10.747000+00:00,BTC-26DEC25-135000-C,0.0265,2.3,sell,115672.02,41.0
2025-10-10 20:53:11.929000+00:00,BTC-28NOV25-125000-C,0.0305,0.1,buy,115751.05,39.63
2025-10-10 20:53:12.479000+00:00,BTC-31OCT25-110000-P,0.018,0.1,sell,115751.05,41.88
2025-10-10 20:53:12.539000+00:00,BTC-24OCT25-121000-C,0.012,1.0,sell,115751.05,36.77
2025-10-10 20:53:12.669000+00:00,BTC-28NOV25-124000-C,0.033,0.2,buy,115756.53,39.51
2025-10-10 20:53:12.675000+00:00,BTC-17OCT25-118000-C,0.0125,0.3,sell,115756.53,38.38
2025-10-10 20:53:12.843000+00:00,BTC-12OCT25-116000-C,0.0065,0.2,sell,115751.05,30.04
2025-10-10 20:53:13.397000+00:00,BTC-31OCT25-120000-C,0.022,1.9,sell,115756.53,38.12
2025-10-10 20:53:13.411000+00:00,BTC-31OCT25-100000-P,0.0055,0.1,buy,115756.53,50.01
2025-10-10 20:53:14.688000+00:00,BTC-24OCT25-126000-C,0.0047,0.1,sell,115725.22,37.86
2025-10-10 20:53:16.660000+00:00,BTC-17OCT25-115000-P,0.018,0.1,sell,115719.4,40.09
2025-10-10 20:53:16.933000+00:00,BTC-24OCT25-122000-C,0.01,1.0,buy,115719.4,37.01
2025-10-10 20:53:16.988000+00:00,BTC-24OCT25-114000-P,0.0225,0.2,sell,115719.4,39.23
2025-10-10 20:53:19.263000+00:00,BTC-17OCT25-125000-C,0.0018,0.6,sell,115769.96,39.52
2025-10-10 20:53:19.266000+00:00,BTC-17OCT25-125000-C,0.0018,0.4,buy,115769.96,39.52
2025-10-10 20:53:19.535000+00:00,BTC-12OCT25-119000-C,0.0008,1.0,sell,115805.12,31.64
2025-10-10 20:53:19.552000+00:00,BTC-12OCT25-119000-C,0.0008,0.1,sell,115805.12,31.64
2025-10-10 20:53:19.565000+00:00,BTC-12OCT25-119000-C,0.0008,0.1,sell,115805.12,31.64
2025-10-10 20:53:19.575000+00:00,BTC-12OCT25-119000-C,0.0008,0.1,sell,115805.12,31.64
2025-10-10 20:53:19.589000+00:00,BTC-12OCT25-119000-C,0.0008,0.2,sell,115805.12,31.64
2025-10-10 20:53:21.238000+00:00,BTC-31OCT25-100000-P,0.0055,0.4,buy,115748.05,50.08
2025-10-10 20:53:21.578000+00:00,BTC-24OCT25-126000-C,0.0048,0.1,sell,115748.05,38.05
2025-10-10 20:53:22.011000+00:00,BTC-12OCT25-119000-C,0.0008,0.1,sell,115744.85,31.82
2025-10-10 20:53:22.032000+00:00,BTC-12OCT25-119000-C,0.0008,1.0,sell,115744.85,31.82
2025-10-10 20:53:22.041000+00:00,BTC-12OCT25-119000-C,0.0008,0.1,sell,115744.85,31.82
2025-10-10 20:53:23.112000+00:00,BTC-11OCT25-116000-C,0.005,0.1,buy,115740.87,42.31
2025-10-10 20:53:23.743000+00:00,BTC-31OCT25-100000-P,0.0055,0.3,buy,115774.98,50.01
2025-10-10 20:53:24.491000+00:00,BTC-31OCT25-104000-P,0.0085,0.3,buy,115774.98,46.05
2025-10-10 20:53:24.712000+00:00,BTC-28NOV25-124000-C,0.0335,0.2,buy,115774.98,39.79
2025-10-10 20:53:25.452000+00:00,BTC-28NOV25-108000-P,0.029,0.5,buy,115799.68,42.26
2025-10-10 20:53:25.705000+00:00,BTC-28NOV25-125000-C,0.0305,0.1,sell,115799.68,39.43
2025-10-10 20:53:26.467000+00:00,BTC-28NOV25-115000-P,0.051,0.2,sell,115835.13,40.47
2025-10-10 20:53:26.881000+00:00,BTC-24OCT25-122000-C,0.01,0.3,sell,115866.09,36.6
2025-10-10 20:53:26.881000+00:00,BTC-24OCT25-122000-C,0.01,0.7,sell,115866.09,36.6
2025-10-10 20:53:27.036000+00:00,BTC-31OCT25-104000-P,0.0085,0.3,buy,115866.09,46.22
2025-10-10 20:53:27.294000+00:00,BTC-24OCT25-121000-C,0.012,0.7,sell,115866.09,36.33
2025-10-10 20:53:27.294000+00:00,BTC-24OCT25-121000-C,0.012,0.3,sell,115866.09,36.33
2025-10-10 20:53:28.789000+00:00,BTC-31OCT25-100000-P,0.0055,0.3,buy,115828.17,50.3
2025-10-10 20:53:28.789000+00:00,BTC-31OCT25-100000-P,0.0055,0.1,buy,115828.17,50.3
2025-10-10 20:53:29.550000+00:00,BTC-31OCT25-104000-P,0.0085,0.3,buy,115828.17,46.21
2025-10-10 20:53:34.726000+00:00,BTC-31OCT25-100000-P,0.0055,0.3,buy,115790.05,50.2
2025-10-10 20:53:35.338000+00:00,BTC-31OCT25-126000-C,0.0095,1.0,sell,115790.05,38.43
2025-10-10 20:53:35.569000+00:00,BTC-31OCT25-124000-C,0.013,0.3,buy,115790.05,38.6
2025-10-10 20:53:35.569000+00:00,BTC-31OCT25-124000-C,0.013,0.7,buy,115790.05,38.6
2025-10-10 20:53:37.707000+00:00,BTC-24OCT25-105000-P,0.0065,0.3,buy,115763.72,48.48
2025-10-10 20:53:37.713000+00:00,BTC-24OCT25-105000-P,0.0065,0.2,sell,115763.72,48.48
2025-10-10 20:53:38.887000+00:00,BTC-17OCT25-115000-P,0.018,2.0,buy,115755.87,40.56
2025-10-10 20:53:39.011000+00:00,BTC-31OCT25-112000-P,0.023,0.3,sell,115738.35,40.88
2025-10-10 20:53:39.226000+00:00,BTC-31OCT25-112000-P,0.023,0.3,sell,115738.35,40.88
2025-10-10 20:53:39.226000+00:00,BTC-31OCT25-112000-P,0.023,1.1,sell,115738.35,40.88
2025-10-10 20:53:44.433000+00:00,BTC-13OCT25-113000-P,0.0046,2.4,sell,115693.51,40.63
2025-10-10 20:53:47.643000+00:00,BTC-26DEC25-85000-P,0.01,4.8,sell,115652.74,54.88
2025-10-10 20:53:47.648000+00:00,BTC-28NOV25-150000-C,0.0043,1.0,sell,115652.74,43.55
2025-10-10 20:53:47.652000+00:00,BTC-26DEC25-85000-P,0.01,0.2,sell,115652.74,54.88
2025-10-10 20:53:48.834000+00:00,BTC-14OCT25-114000-C,0.0235,0.6,buy,115622.32,39.26
2025-10-10 20:53:49.226000+00:00,BTC-27MAR26-200000-C,0.0105,1.7,sell,115638.57,48.44
2025-10-10 20:53:49.227000+00:00,BTC-11OCT25-125000-P,0.0815,2.8,sell,115638.57,126.75
2025-10-10 20:53:49.707000+00:00,BTC-28NOV25-90000-P,0.007,2.0,buy,115622.32,52.85
2025-10-10 20:53:51.473000+00:00,BTC-31OCT25-128000-C,0.007,0.7,sell,115532.71,39.11
2025-10-10 20:53:51.499000+00:00,BTC-17OCT25-116000-P,0.023,0.1,buy,115532.71,39.98
2025-10-10 20:53:51.522000+00:00,BTC-31OCT25-128000-C,0.007,0.1,sell,115532.71,39.11
2025-10-10 20:53:51.536000+00:00,BTC-31OCT25-128000-C,0.007,0.4,sell,115532.71,39.11
2025-10-10 20:53:51.547000+00:00,BTC-31OCT25-128000-C,0.007,0.1,sell,115532.71,39.11
2025-10-10 20:53:51.569000+00:00,BTC-31OCT25-128000-C,0.007,0.1,sell,115532.71,39.11
2025-10-10 20:53:51.575000+00:00,BTC-31OCT25-128000-C,0.007,0.1,sell,115532.71,39.11
2025-10-10 20:53:51.583000+00:00,BTC-31OCT25-128000-C,0.007,0.1,sell,115532.71,39.11
2025-10-10 20:53:51.589000+00:00,BTC-31OCT25-128000-C,0.007,0.1,sell,115532.71,39.11
2025-10-10 20:53:51.603000+00:00,BTC-31OCT25-128000-C,0.007,0.3,sell,115532.71,39.11
2025-10-10 20:53:51.648000+00:00,BTC-31OCT25-110000-P,0.0185,0.3,sell,115532.71,42.0
2025-10-10 20:53:52.183000+00:00,BTC-26DEC25-85000-P,0.01,2.2,sell,115498.06,54.68
2025-10-10 20:53:52.207000+00:00,BTC-26DEC25-85000-P,0.01,0.1,sell,115498.06,54.68
2025-10-10 20:53:52.385000+00:00,BTC-26DEC25-85000-P,0.01,0.1,sell,115498.06,54.68
2025-10-10 20:53:52.561000+00:00,BTC-26DEC25-85000-P,0.01,2.2,sell,115498.06,54.68
2025-10-10 20:53:53.176000+00:00,BTC-26DEC25-100000-P,0.0255,0.3,buy,115519.26,46.21
2025-10-10 20:53:53.176000+00:00,BTC-26DEC25-100000-P,0.0255,0.9,buy,115519.26,46.21
2025-10-10 20:53:53.187000+00:00,BTC-26DEC25-100000-P,0.0255,0.8,sell,115519.26,46.21
2025-10-10 20:53:53.804000+00:00,BTC-27MAR26-95000-P,0.0395,0.7,buy,115519.26,47.22
2025-10-10 20:53:53.863000+00:00,BTC-11OCT25-114000-P,0.0024,0.8,sell,115519.26,50.23
2025-10-10 20:53:54.175000+00:00,BTC-11OCT25-114000-P,0.0024,0.2,sell,115519.26,50.23
2025-10-10 20:53:54.728000+00:00,BTC-12OCT25-117000-C,0.0028,0.1,sell,115481.15,29.71
2025-10-10 20:53:54.740000+00:00,BTC-12OCT25-117000-C,0.0028,0.1,sell,115481.15,29.71
2025-10-10 20:53:54.755000+00:00,BTC-12OCT25-117000-C,0.0028,0.1,sell,115481.15,29.71
2025-10-10 20:53:54.837000+00:00,BTC-31OCT25-128000-C,0.007,0.5,sell,115475.49,39.32
2025-10-10 20:53:54.868000+00:00,BTC-26DEC25-95000-P,0.0185,0.3,buy,115481.15,48.6
2025-10-10 20:53:55.151000+00:00,BTC-31OCT25-112000-P,0.024,0.3,sell,115475.49,41.0
2025-10-10 20:53:55.670000+00:00,BTC-31OCT25-112000-P,0.024,0.1,sell,115475.49,41.0
2025-10-10 20:53:55.682000+00:00,BTC-11OCT25-116000-C,0.0037,1.0,sell,115475.49,38.76
2025-10-10 20:53:56.880000+00:00,BTC-13OCT25-114000-P,0.007,0.1,buy,115414.21,38.44
2025-10-10 20:53:56.892000+00:00,BTC-13OCT25-114000-P,0.007,3.3,buy,115414.21,38.44
2025-10-10 20:53:56.896000+00:00,BTC-13OCT25-114000-P,0.007,0.1,buy,115414.21,38.44
2025-10-10 20:53:56.899000+00:00,BTC-13OCT25-114000-P,0.007,3.0,buy,115414.21,38.44
2025-10-10 20:53:56.930000+00:00,BTC-11OCT25-114000-P,0.0026,0.2,sell,115414.21,51.64
2025-10-10 20:53:57.241000+00:00,BTC-25SEP26-140000-C,0.1275,0.3,sell,115390.83,45.14
2025-10-10 20:53:57.253000+00:00,BTC-25SEP26-140000-C,0.1275,1.7,buy,115390.83,45.14
2025-10-10 20:53:57.256000+00:00,BTC-11OCT25-112000-P,0.0013,0.5,buy,115414.21,70.64
2025-10-10 20:53:57.279000+00:00,BTC-12OCT25-114000-P,0.0042,0.1,sell,115390.83,36.98
2025-10-10 20:53:57.800000+00:00,BTC-13OCT25-114000-P,0.007,3.1,buy,115390.83,38.44
2025-10-10 20:53:57.810000+00:00,BTC-28NOV25-116000-C,0.06,0.1,sell,115390.83,40.38
2025-10-10 20:53:57.853000+00:00,BTC-11OCT25-116000-C,0.0036,0.3,sell,115390.83,38.02
2025-10-10 20:53:57.883000+00:00,BTC-11OCT25-116000-C,0.0036,0.4,sell,115390.83,38.02
2025-10-10 20:53:58.259000+00:00,BTC-28NOV25-90000-P,0.0075,0.3,buy,115390.83,53.48
2025-10-10 20:53:58.265000+00:00,BTC-11OCT25-118000-P,0.024,0.3,buy,115390.83,64.71
2025-10-10 20:53:58.364000+00:00,BTC-13OCT25-114000-P,0.007,0.2,sell,115384.22,38.44
2025-10-10 20:53:58.569000+00:00,BTC-13OCT25-114000-P,0.007,2.3,buy,115384.22,38.44
2025-10-10 20:53:58.570000+00:00,BTC-13OCT25-114000-P,0.007,0.8,buy,115384.22,38.44
2025-10-10 20:53:58.634000+00:00,BTC-31OCT25-124000-C,0.012,0.1,sell,115384.22,38.34
2025-10-10 20:53:58.659000+00:00,BTC-31OCT25-124000-C,0.012,0.1,sell,115384.22,38.34
2025-10-10 20:53:58.674000+00:00,BTC-31OCT25-124000-C,0.012,0.1,sell,115384.22,38.34
2025-10-10 20:53:58.844000+00:00,BTC-13OCT25-114000-P,0.007,3.0,sell,115384.22,38.44
2025-10-10 20:53:58.907000+00:00,BTC-31OCT25-124000-C,0.012,0.1,sell,115334.11,38.35
2025-10-10 20:53:59.024000+00:00,BTC-11OCT25-118000-P,0.024,2.7,buy,115384.22,64.71
2025-10-10 20:53:59.294000+00:00,BTC-31OCT25-114000-C,0.0445,1.2,sell,115334.11,39.27
2025-10-10 20:53:59.303000+00:00,BTC-17OCT25-115000-C,0.023,0.3,sell,115384.22,39.57
2025-10-10 20:53:59.346000+00:00,BTC-28NOV25-95000-P,0.0105,0.1,buy,115384.22,49.27
2025-10-10 20:53:59.350000+00:00,BTC-28NOV25-95000-P,0.0105,1.9,buy,115384.22,49.27
2025-10-10 20:53:59.385000+00:00,BTC-11OCT25-115000-C,0.0075,0.1,sell,115384.22,38.75
2025-10-10 20:53:59.579000+00:00,BTC-28NOV25-160000-C,0.0025,1.0,sell,115334.11,47.23
2025-10-10 20:53:59.579000+00:00,BTC-28NOV25-160000-C,0.0025,5.0,sell,115334.11,47.23
2025-10-10 20:53:59.594000+00:00,BTC-31OCT25-118000-P,0.049,0.1,buy,115334.11,39.95
2025-10-10 20:53:59.643000+00:00,BTC-31OCT25-114000-P,0.0315,0.1,buy,115334.11,40.86
2025-10-10 20:53:59.716000+00:00,BTC-13OCT25-118000-C,0.003,0.8,sell,115334.11,31.33
2025-10-10 20:53:59.766000+00:00,BTC-13OCT25-119000-C,0.0018,1.2,sell,115334.11,32.52
2025-10-10 20:53:59.775000+00:00,BTC-31OCT25-120000-P,0.06,0.1,buy,115334.11,39.97
2025-10-10 20:53:59.839000+00:00,BTC-11OCT25-115000-C,0.007,5.9,sell,115334.11,36.24
2025-10-10 20:53:59.847000+00:00,BTC-31OCT25-136000-C,0.0026,0.5,sell,115282.95,42.92
2025-10-10 20:53:59.847000+00:00,BTC-31OCT25-145000-C,0.001,0.5,buy,115282.95,47.2
2025-10-10 20:53:59.904000+00:00,BTC-17OCT25-135000-C,0.0004,2.7,sell,115334.11,53.9
2025-10-10 20:54:00.926000+00:00,BTC-24OCT25-125000-C,0.005,2.0,buy,115233.73,37.41
2025-10-10 20:54:01.909000+00:00,BTC-26DEC25-125000-C,0.048,2.0,buy,115233.73,41.22
2025-10-10 20:54:01.947000+00:00,BTC-24OCT25-121000-C,0.011,0.3,buy,115198.87,37.03
2025-10-10 20:54:02.197000+00:00,BTC-31OCT25-140000-C,0.0018,0.1,sell,115198.87,45.74
2025-10-10 20:54:02.197000+00:00,BTC-31OCT25-155000-C,0.0004,0.1,buy,115198.87,52.01
2025-10-10 20:54:02.428000+00:00,BTC-26DEC25-95000-P,0.019,2.0,buy,115198.87,48.68
2025-10-10 20:54:03.070000+00:00,BTC-27MAR26-100000-P,0.051,0.7,sell,115198.87,45.96
2025-10-10 20:54:03.154000+00:00,BTC-11OCT25-114000-P,0.003,0.1,sell,115198.87,54.01
2025-10-10 20:54:03.193000+00:00,BTC-11OCT25-112000-P,0.0014,2.0,buy,115198.87,72.15
2025-10-10 20:54:05.350000+00:00,BTC-27MAR26-110000-P,0.082,0.7,buy,115283.09,44.97
2025-10-10 20:54:05.376000+00:00,BTC-11OCT25-114000-P,0.0028,4.2,sell,115283.09,52.25
2025-10-10 20:54:05.440000+00:00,BTC-11OCT25-117000-P,0.0157,12.5,buy,115283.09,31.94
2025-10-10 20:54:05.695000+00:00,BTC-28NOV25-115000-P,0.0535,0.2,sell,115274.66,40.54
2025-10-10 20:54:06.529000+00:00,BTC-11OCT25-114000-P,0.0027,0.2,sell,115274.66,51.36
2025-10-10 20:54:06.565000+00:00,BTC-17OCT25-130000-C,0.0008,0.1,buy,115288.99,47.91
2025-10-10 20:54:08.081000+00:00,BTC-27MAR26-80000-P,0.0185,4.6,buy,115307.19,52.06
2025-10-10 20:54:08.197000+00:00,BTC-24OCT25-122000-C,0.009,0.3,sell,115307.19,36.69
2025-10-10 20:54:08.201000+00:00,BTC-24OCT25-122000-C,0.009,0.7,buy,115307.19,36.69
2025-10-10 20:54:08.408000+00:00,BTC-27MAR26-75000-P,0.0145,4.8,buy,115307.19,54.47
2025-10-10 20:54:09.249000+00:00,BTC-17OCT25-130000-C,0.0007,25.0,buy,115314.63,46.79
2025-10-10 20:54:09.997000+00:00,BTC-11OCT25-114000-P,0.0026,4.0,sell,115302.36,48.06
2025-10-10 20:54:09.997000+00:00,BTC-11OCT25-114000-P,0.0026,0.2,sell,115302.36,48.06
2025-10-10 20:54:10.024000+00:00,BTC-31OCT25-116000-C,0.036,0.3,buy,115301.23,39.88
2025-10-10 20:54:10.074000+00:00,BTC-31OCT25-110000-P,0.019,0.1,sell,115301.23,41.75
2025-10-10 20:54:10.290000+00:00,BTC-31OCT25-125000-P,0.091,0.1,sell,115301.23,37.59
2025-10-10 20:54:10.315000+00:00,BTC-31OCT25-125000-P,0.091,0.1,sell,115301.23,37.59
2025-10-10 20:54:10.649000+00:00,BTC-31OCT25-122000-P,0.0705,0.1,sell,115301.23,37.39
2025-10-10 20:54:10.802000+00:00,BTC-31OCT25-106000-P,0.0115,0.1,sell,115301.23,44.28
2025-10-10 20:54:10.813000+00:00,BTC-28NOV25-112000-P,0.042,0.1,sell,115301.23,41.0
2025-10-10 20:54:14.193000+00:00,BTC-11OCT25-114000-P,0.0029,4.9,sell,115461.03,50.67
2025-10-10 20:54:14.194000+00:00,BTC-11OCT25-114000-P,0.0029,7.2,sell,115461.03,50.67
2025-10-10 20:54:14.196000+00:00,BTC-11OCT25-114000-P,0.0029,1.7,sell,115461.03,50.67
2025-10-10 20:54:14.199000+00:00,BTC-11OCT25-114000-P,0.0029,0.1,sell,115461.03,50.67
2025-10-10 20:54:14.202000+00:00,BTC-11OCT25-114000-P,0.0029,0.5,sell,115461.03,50.67
2025-10-10 20:54:14.219000+00:00,BTC-11OCT25-114000-P,0.0029,0.2,sell,115461.03,50.67
2025-10-10 20:54:14.521000+00:00,BTC-24OCT25-127000-C,0.0039,0.1,sell,115461.03,38.88
2025-10-10 20:54:16.052000+00:00,BTC-28NOV25-110000-P,0.036,0.3,sell,115418.26,42.06
2025-10-10 20:54:16.074000+00:00,BTC-28NOV25-110000-P,0.036,0.1,sell,115418.26,42.06
2025-10-10 20:54:16.313000+00:00,BTC-11OCT25-114000-P,0.0029,0.3,sell,115418.26,53.66
2025-10-10 20:54:17.947000+00:00,BTC-24OCT25-105000-P,0.007,0.1,sell,115411.59,48.45
2025-10-10 20:54:24.802000+00:00,BTC-11OCT25-118000-C,0.0006,0.1,buy,115298.54,45.93
2025-10-10 20:54:25.024000+00:00,BTC-13OCT25-116000-P,0.0145,0.1,sell,115298.54,34.83
2025-10-10 20:54:27.443000+00:00,BTC-17OCT25-117000-P,0.029,0.2,sell,115252.21,39.27
2025-10-10 20:54:27.457000+00:00,BTC-13OCT25-116000-P,0.0145,0.2,sell,115243.43,33.9
2025-10-10 20:54:29.650000+00:00,BTC-17OCT25-116000-P,0.0245,0.1,buy,115238.01,40.26
2025-10-10 20:54:30.822000+00:00,BTC-12OCT25-118000-C,0.0011,5.9,sell,115211.54,30.86
2025-10-10 20:54:32.012000+00:00,BTC-13OCT25-114000-P,0.0075,0.1,sell,115204.28,37.66
2025-10-10 20:54:32.110000+00:00,BTC-11OCT25-114000-P,0.0029,0.2,sell,115204.28,49.94
2025-10-10 20:54:32.153000+00:00,BTC-24OCT25-122000-C,0.009,1.0,sell,115204.28,37.07
2025-10-10 20:54:32.230000+00:00,BTC-28NOV25-125000-C,0.0295,0.1,buy,115204.28,39.86
2025-10-10 20:54:33.071000+00:00,BTC-31OCT25-115000-P,0.035,0.5,sell,115204.75,39.39
2025-10-10 20:54:35.946000+00:00,BTC-28NOV25-110000-P,0.0365,0.7,buy,115343.73,42.27
2025-10-10 20:54:35.956000+00:00,BTC-28NOV25-110000-P,0.0365,8.6,sell,115343.73,42.27
2025-10-10 20:54:39.077000+00:00,BTC-17OCT25-116000-C,0.019,0.4,buy,115290.41,40.55
2025-10-10 20:54:39.088000+00:00,BTC-17OCT25-117000-C,0.015,0.3,buy,115290.41,39.82
2025-10-10 20:54:39.099000+00:00,BTC-31OCT25-114000-C,0.0455,0.1,buy,115290.41,40.79
2025-10-10 20:54:39.116000+00:00,BTC-31OCT25-114000-C,0.0455,0.1,buy,115290.41,40.79
2025-10-10 20:54:39.131000+00:00,BTC-28NOV25-114000-C,0.0695,0.2,buy,115290.41,41.27
2025-10-10 20:54:39.556000+00:00,BTC-31OCT25-118000-P,0.048,0.2,sell,115290.41,38.38
2025-10-10 20:54:39.557000+00:00,BTC-24OCT25-117000-P,0.036,0.2,sell,115290.41,37.26
2025-10-10 20:54:39.586000+00:00,BTC-17OCT25-116000-P,0.0235,0.3,sell,115317.93,39.17
2025-10-10 20:54:39.630000+00:00,BTC-17OCT25-115000-P,0.0195,0.1,sell,115317.93,40.07
2025-10-10 20:54:45.196000+00:00,BTC-11OCT25-118000-C,0.0005,0.3,sell,115390.66,43.96
2025-10-10 20:54:45.211000+00:00,BTC-11OCT25-114000-P,0.0031,0.2,buy,115390.66,55.0
2025-10-10 20:54:45.216000+00:00,BTC-11OCT25-114000-P,0.0031,2.3,sell,115390.66,55.0
2025-10-10 20:54:45.250000+00:00,BTC-11OCT25-118000-C,0.0005,0.1,sell,115390.66,43.96
2025-10-10 20:54:45.681000+00:00,BTC-17OCT25-115000-P,0.02,0.3,buy,115351.87,41.29
2025-10-10 20:54:46.157000+00:00,BTC-26DEC25-136000-C,0.0255,0.1,buy,115351.87,41.82
2025-10-10 20:54:48.305000+00:00,BTC-26DEC25-130000-C,0.0365,0.1,buy,115317.95,41.64
2025-10-10 20:54:50.183000+00:00,BTC-17OCT25-115000-P,0.02,0.5,buy,115307.98,40.92
2025-10-10 20:54:50.184000+00:00,BTC-17OCT25-115000-P,0.02,0.1,buy,115307.98,40.92
2025-10-10 20:54:54.745000+00:00,BTC-11OCT25-125000-P,0.084,4.6,sell,115291.36,0.0
2025-10-10 20:54:59.487000+00:00,BTC-17OCT25-112000-P,0.011,0.3,buy,115320.15,43.58
2025-10-10 20:54:59.819000+00:00,BTC-31OCT25-110000-P,0.019,0.1,sell,115320.15,41.82
2025-10-10 20:55:00.241000+00:00,BTC-28NOV25-126000-C,0.0275,0.1,buy,115333.19,39.87
2025-10-10 20:55:00.249000+00:00,BTC-28NOV25-126000-C,0.0275,0.1,buy,115333.19,39.87
2025-10-10 20:55:00.968000+00:00,BTC-28NOV25-112000-P,0.042,0.1,sell,115377.58,41.22
2025-10-10 20:55:02.195000+00:00,BTC-17OCT25-114000-P,0.016,0.3,buy,115435.41,41.7
2025-10-10 20:55:02.520000+00:00,BTC-31OCT25-116000-P,0.0385,0.2,buy,115435.41,39.54
2025-10-10 20:55:03.693000+00:00,BTC-24OCT25-135000-C,0.0013,2.0,sell,115496.48,44.58
2025-10-10 20:55:06.920000+00:00,BTC-12OCT25-119000-C,0.0004,12.5,sell,115430.76,29.23
2025-10-10 20:55:09.039000+00:00,BTC-17OCT25-113000-P,0.013,0.3,buy,115463.2,42.55
2025-10-10 20:55:10.109000+00:00,BTC-17OCT25-118000-C,0.0115,0.3,sell,115502.46,37.72
2025-10-10 20:55:10.109000+00:00,BTC-17OCT25-118000-C,0.0115,0.7,sell,115502.46,37.72
2025-10-10 20:55:10.626000+00:00,BTC-28NOV25-125000-C,0.03,0.1,buy,115522.33,39.58
2025-10-10 20:55:12.238000+00:00,BTC-26DEC25-102000-P,0.029,0.1,buy,115517.25,45.32
2025-10-10 20:55:14.581000+00:00,BTC-11OCT25-118000-C,0.0004,0.5,sell,115453.09,39.28
2025-10-10 20:55:15.510000+00:00,BTC-11OCT25-118000-C,0.0004,0.5,sell,115425.47,39.28
2025-10-10 20:55:15.721000+00:00,BTC-11OCT25-118000-C,0.0004,0.1,sell,115376.23,39.28
2025-10-10 20:55:16.262000+00:00,BTC-11OCT25-118000-C,0.0004,0.4,sell,115376.23,39.28
2025-10-10 20:55:16.538000+00:00,BTC-11OCT25-118000-C,0.0004,0.1,sell,115376.23,39.28
2025-10-10 20:55:16.677000+00:00,BTC-11OCT25-118000-C,0.0004,0.2,sell,115376.23,39.28
2025-10-10 20:55:16.691000+00:00,BTC-17OCT25-115000-P,0.02,0.6,buy,115331.5,41.07
2025-10-10 20:55:16.778000+00:00,BTC-17OCT25-115000-P,0.02,0.8,buy,115331.5,41.07
2025-10-10 20:55:16.802000+00:00,BTC-11OCT25-118000-C,0.0004,0.6,sell,115331.5,41.64
2025-10-10 20:55:16.901000+00:00,BTC-11OCT25-118000-C,0.0004,0.2,sell,115331.5,41.64
2025-10-10 20:55:17.434000+00:00,BTC-11OCT25-118000-C,0.0004,0.3,sell,115331.5,41.64
2025-10-10 20:55:17.449000+00:00,BTC-31OCT25-115000-C,0.04,0.5,sell,115331.5,39.54
2025-10-10 20:55:17.455000+00:00,BTC-31OCT25-115000-C,0.04,0.1,sell,115331.5,39.54
2025-10-10 20:55:17.457000+00:00,BTC-31OCT25-115000-C,0.04,0.2,sell,115331.5,39.54
2025-10-10 20:55:17.459000+00:00,BTC-31OCT25-115000-C,0.04,0.1,sell,115331.5,39.54
2025-10-10 20:55:17.598000+00:00,BTC-31OCT25-115000-C,0.04,0.1,sell,115331.5,39.54
2025-10-10 20:55:17.682000+00:00,BTC-11OCT25-118000-C,0.0004,0.1,sell,115331.5,41.64
2025-10-10 20:55:17.682000+00:00,BTC-11OCT25-118000-C,0.0004,0.6,sell,115331.5,41.64
2025-10-10 20:55:17.757000+00:00,BTC-11OCT25-118000-C,0.0004,0.1,sell,115279.16,42.29
2025-10-10 20:55:17.975000+00:00,BTC-11OCT25-118000-C,0.0004,0.3,sell,115279.16,42.29
2025-10-10 20:55:18.286000+00:00,BTC-11OCT25-118000-C,0.0004,0.1,sell,115279.16,42.29
2025-10-10 20:55:19.676000+00:00,BTC-31OCT25-130000-C,0.0055,2.5,buy,115234.36,40.83
2025-10-10 20:55:22.196000+00:00,BTC-11OCT25-118000-C,0.0004,0.5,sell,115252.46,42.62
2025-10-10 20:55:22.220000+00:00,BTC-11OCT25-118000-C,0.0004,0.1,sell,115252.46,42.62
2025-10-10 20:55:22.279000+00:00,BTC-11OCT25-118000-C,0.0004,0.4,sell,115252.46,42.62
2025-10-10 20:55:22.651000+00:00,BTC-14OCT25-114000-C,0.0215,5.7,buy,115252.46,39.66
2025-10-10 20:55:26.343000+00:00,BTC-17OCT25-115000-P,0.0205,0.1,sell,115199.58,40.93
2025-10-10 20:55:26.353000+00:00,BTC-17OCT25-115000-P,0.0205,0.6,sell,115199.58,40.93
2025-10-10 20:55:26.360000+00:00,BTC-17OCT25-115000-P,0.0205,0.1,sell,115199.58,40.93
2025-10-10 20:55:26.366000+00:00,BTC-17OCT25-115000-P,0.0205,0.5,sell,115199.58,40.93
2025-10-10 20:55:26.533000+00:00,BTC-17OCT25-114000-P,0.017,0.6,sell,115199.58,41.9
2025-10-10 20:55:27.993000+00:00,BTC-24OCT25-121000-C,0.011,0.1,buy,115207.94,37.14
2025-10-10 20:55:29.598000+00:00,BTC-24OCT25-121000-C,0.011,0.5,buy,115236.36,37.04
2025-10-10 20:55:29.973000+00:00,BTC-11OCT25-118000-C,0.0005,1.6,buy,115235.28,45.01
2025-10-10 20:55:30.144000+00:00,BTC-24OCT25-114000-P,0.025,0.1,buy,115235.28,40.28
2025-10-10 20:55:34.645000+00:00,BTC-11OCT25-112000-P,0.0016,1.6,buy,115249.34,71.49
2025-10-10 20:55:34.648000+00:00,BTC-11OCT25-112000-P,0.0016,3.4,sell,115249.34,71.49
2025-10-10 20:55:37.822000+00:00,BTC-24OCT25-126000-C,0.0046,0.1,sell,115221.21,38.95
2025-10-10 20:55:38.491000+00:00,BTC-26JUN26-90000-P,0.047,0.2,buy,115222.41,48.44
2025-10-10 20:55:38.564000+00:00,BTC-11OCT25-118000-C,0.0005,1.2,sell,115222.41,45.24
2025-10-10 20:55:41.855000+00:00,BTC-26DEC25-120000-C,0.0645,0.2,sell,115231.43,41.68
2025-10-10 20:55:43.455000+00:00,BTC-11OCT25-119000-C,0.0003,2.2,buy,115235.72,51.59
2025-10-10 20:55:44.787000+00:00,BTC-31OCT25-100000-P,0.006,0.2,buy,115217.35,50.16
2025-10-10 20:55:45.174000+00:00,BTC-27MAR26-70000-P,0.011,0.1,sell,115200.77,56.59
2025-10-10 20:55:45.184000+00:00,BTC-27MAR26-70000-P,0.011,0.4,sell,115200.77,56.59
2025-10-10 20:55:45.184000+00:00,BTC-27MAR26-70000-P,0.011,0.3,sell,115200.77,56.59
2025-10-10 20:55:45.882000+00:00,BTC-26DEC25-120000-C,0.0645,0.2,sell,115200.77,41.74
2025-10-10 20:55:45.945000+00:00,BTC-27MAR26-65000-P,0.0085,5.3,buy,115197.33,59.37
2025-10-10 20:55:46.095000+00:00,BTC-24OCT25-116000-P,0.033,0.1,buy,115197.33,39.24
2025-10-10 20:55:46.880000+00:00,BTC-24OCT25-116000-P,0.033,0.3,buy,115197.33,39.24
2025-10-10 20:55:46.905000+00:00,BTC-17OCT25-115000-P,0.0205,0.1,sell,115202.1,40.93
2025-10-10 20:55:47.450000+00:00,BTC-26DEC25-40000-P,0.0003,2.5,buy,115202.1,88.72
2025-10-10 20:55:49.158000+00:00,BTC-26DEC25-120000-C,0.0645,0.2,sell,115221.25,41.7
2025-10-10 20:55:51.354000+00:00,BTC-26DEC25-116000-C,0.08,1.0,sell,115233.18,41.86
2025-10-10 20:55:52.645000+00:00,BTC-28NOV25-110000-P,0.0365,0.1,buy,115186.41,41.87
2025-10-10 20:55:52.645000+00:00,BTC-28NOV25-110000-P,0.0365,0.3,buy,115186.41,41.87
2025-10-10 20:55:53.544000+00:00,BTC-28NOV25-110000-P,0.0365,0.2,buy,115186.41,41.87
2025-10-10 20:55:53.544000+00:00,BTC-28NOV25-110000-P,0.0365,0.1,buy,115186.41,41.87
2025-10-10 20:55:54.077000+00:00,BTC-28NOV25-110000-P,0.0365,0.3,buy,115183.71,41.86
2025-10-10 20:55:54.105000+00:00,BTC-31OCT25-106000-P,0.012,0.2,buy,115183.71,44.71
2025-10-10 20:55:54.475000+00:00,BTC-28NOV25-110000-P,0.0365,0.3,buy,115183.71,41.86
2025-10-10 20:55:54.529000+00:00,BTC-28NOV25-110000-P,0.0365,3.7,buy,115183.71,41.86
2025-10-10 20:55:54.664000+00:00,BTC-13OCT25-114000-P,0.0085,1.6,buy,115183.71,40.21
2025-10-10 20:55:56.311000+00:00,BTC-28NOV25-116000-P,0.059,0.1,buy,115159.31,40.93
2025-10-10 20:55:56.313000+00:00,BTC-28NOV25-116000-P,0.059,0.1,buy,115159.31,40.93
2025-10-10 20:55:56.338000+00:00,BTC-17OCT25-119000-P,0.042,1.0,buy,115129.06,40.55
2025-10-10 20:55:56.849000+00:00,BTC-11OCT25-118000-C,0.0004,0.2,sell,115074.3,43.5
2025-10-10 20:55:56.866000+00:00,BTC-13OCT25-114000-P,0.0085,1.2,buy,115129.06,40.21
2025-10-10 20:55:56.936000+00:00,BTC-11OCT25-118000-C,0.0004,0.2,sell,115074.3,43.5
2025-10-10 20:55:57.453000+00:00,BTC-27MAR26-90000-P,0.031,0.7,buy,115129.06,48.36
2025-10-10 20:55:57.568000+00:00,BTC-26JUN26-80000-P,0.03,0.1,buy,115074.3,50.68
2025-10-10 20:55:57.684000+00:00,BTC-13OCT25-114000-P,0.0085,1.0,buy,115074.3,40.21
2025-10-10 20:55:57.986000+00:00,BTC-11OCT25-118000-C,0.0004,0.3,sell,115049.04,43.5
2025-10-10 20:55:58.033000+00:00,BTC-13OCT25-114000-P,0.0085,1.1,sell,115074.3,40.21
2025-10-10 20:55:58.522000+00:00,BTC-26DEC25-85000-P,0.0105,2.9,buy,115049.04,54.87
2025-10-10 20:55:58.667000+00:00,BTC-26DEC25-115000-C,0.0835,0.2,sell,115049.04,41.94
2025-10-10 20:55:58.814000+00:00,BTC-28NOV25-110000-P,0.037,0.1,buy,115049.04,41.88
2025-10-10 20:55:58.821000+00:00,BTC-28NOV25-110000-P,0.037,0.4,buy,115049.04,41.88
2025-10-10 20:55:58.895000+00:00,BTC-26DEC25-60000-P,0.002,1.0,buy,115049.04,72.7
2025-10-10 20:55:59.113000+00:00,BTC-11OCT25-118000-C,0.0004,0.1,sell,115019.96,45.15
2025-10-10 20:55:59.701000+00:00,BTC-24OCT25-110000-P,0.015,0.1,buy,115019.96,43.66
2025-10-10 20:55:59.832000+00:00,BTC-24OCT25-122000-C,0.009,0.1,sell,115019.96,37.63
2025-10-10 20:55:59.907000+00:00,BTC-24OCT25-122000-C,0.009,0.1,sell,115000.52,37.7
2025-10-10 20:56:00.105000+00:00,BTC-27MAR26-200000-C,0.0105,0.4,sell,115019.96,48.83
2025-10-10 20:56:00.606000+00:00,BTC-28NOV25-126000-C,0.027,0.3,sell,115000.52,40.16
2025-10-10 20:56:01.326000+00:00,BTC-17OCT25-114000-P,0.0182,25.0,buy,115000.52,42.67
2025-10-10 20:56:02.116000+00:00,BTC-24OCT25-125000-C,0.005,0.1,buy,114952.35,38.2
2025-10-10 20:56:02.947000+00:00,BTC-27MAR26-95000-P,0.041,0.3,buy,114952.35,47.37
2025-10-10 20:56:02.953000+00:00,BTC-27MAR26-95000-P,0.041,1.7,sell,114952.35,47.37
2025-10-10 20:56:03.002000+00:00,BTC-24OCT25-110000-P,0.015,0.3,buy,114955.61,43.36
2025-10-10 20:56:03.002000+00:00,BTC-24OCT25-110000-P,0.015,0.9,buy,114955.61,43.36
2025-10-10 20:56:05.858000+00:00,BTC-24OCT25-105000-P,0.0075,0.1,sell,114909.8,48.18
2025-10-10 20:56:05.884000+00:00,BTC-24OCT25-105000-P,0.0075,0.4,sell,114909.8,48.18
2025-10-10 20:56:05.898000+00:00,BTC-31OCT25-124000-C,0.0115,0.1,buy,114909.8,38.95
2025-10-10 20:56:05.997000+00:00,BTC-24OCT25-125000-C,0.005,0.1,buy,114943.96,38.23
2025-10-10 20:56:05.999000+00:00,BTC-24OCT25-125000-C,0.005,0.4,buy,114943.96,38.23
2025-10-10 20:56:06.038000+00:00,BTC-24OCT25-125000-C,0.005,0.1,buy,114943.96,38.23
2025-10-10 20:56:06.038000+00:00,BTC-24OCT25-125000-C,0.005,0.1,buy,114943.96,38.23
2025-10-10 20:56:06.110000+00:00,BTC-24OCT25-125000-C,0.005,0.2,buy,114943.96,38.23
2025-10-10 20:56:06.111000+00:00,BTC-24OCT25-125000-C,0.005,0.1,buy,114943.96,38.23
2025-10-10 20:56:06.122000+00:00,BTC-24OCT25-125000-C,0.005,0.1,buy,114943.96,38.23
2025-10-10 20:56:08.062000+00:00,BTC-26DEC25-150000-C,0.0105,0.1,sell,114986.88,42.87
2025-10-10 20:56:08.958000+00:00,BTC-17OCT25-124000-C,0.0024,0.5,buy,114953.66,42.02
2025-10-10 20:56:08.985000+00:00,BTC-17OCT25-119000-P,0.045,0.5,sell,114953.66,44.09
2025-10-10 20:56:09.004000+00:00,BTC-31OCT25-120000-C,0.02,0.3,sell,114903.26,38.64
2025-10-10 20:56:09.042000+00:00,BTC-11OCT25-116000-C,0.0026,0.1,sell,114903.26,42.93
2025-10-10 20:56:09.046000+00:00,BTC-11OCT25-116000-C,0.0026,0.1,sell,114903.26,42.93
2025-10-10 20:56:09.056000+00:00,BTC-11OCT25-116000-C,0.0026,0.1,sell,114903.26,42.93
2025-10-10 20:56:09.067000+00:00,BTC-11OCT25-116000-C,0.0026,0.1,sell,114903.26,42.93
2025-10-10 20:56:09.067000+00:00,BTC-31OCT25-120000-C,0.02,0.3,sell,114903.26,38.64
2025-10-10 20:56:09.068000+00:00,BTC-11OCT25-116000-C,0.0026,0.1,sell,114903.26,42.93
2025-10-10 20:56:09.076000+00:00,BTC-11OCT25-116000-C,0.0026,0.1,sell,114903.26,42.93
2025-10-10 20:56:09.915000+00:00,BTC-26DEC25-130000-C,0.0355,0.1,sell,114903.26,41.69
2025-10-10 20:56:09.923000+00:00,BTC-31OCT25-70000-P,0.0003,2.0,buy,114903.26,83.89
2025-10-10 20:56:09.923000+00:00,BTC-31OCT25-70000-P,0.0003,0.1,buy,114903.26,83.89
2025-10-10 20:56:09.923000+00:00,BTC-31OCT25-70000-P,0.0003,0.2,buy,114903.26,83.89
2025-10-10 20:56:09.981000+00:00,BTC-31OCT25-135000-C,0.0027,0.1,sell,114903.26,42.62
2025-10-10 20:56:09.983000+00:00,BTC-28NOV25-80000-P,0.0035,0.1,buy,114903.26,60.45
2025-10-10 20:56:10.057000+00:00,BTC-31OCT25-70000-P,0.0003,3.0,buy,114802.73,83.68
2025-10-10 20:56:10.345000+00:00,BTC-27MAR26-155000-C,0.036,0.4,sell,114903.26,44.83
2025-10-10 20:56:10.803000+00:00,BTC-27MAR26-85000-P,0.0245,0.3,buy,114802.73,50.06
2025-10-10 20:56:11.874000+00:00,BTC-11OCT25-119000-C,0.0004,14.4,buy,114686.13,59.58
2025-10-10 20:56:11.881000+00:00,BTC-13OCT25-119000-C,0.0017,0.1,sell,114724.58,35.61
2025-10-10 20:56:11.970000+00:00,BTC-26DEC25-120000-C,0.0625,0.2,sell,114724.58,41.63
2025-10-10 20:56:12.057000+00:00,BTC-31OCT25-120000-C,0.0195,0.3,sell,114686.13,38.78
2025-10-10 20:56:12.057000+00:00,BTC-17OCT25-116000-P,0.028,0.3,buy,114724.58,41.75
2025-10-10 20:56:12.057000+00:00,BTC-31OCT25-120000-C,0.0195,1.4,sell,114686.13,38.78
2025-10-10 20:56:12.058000+00:00,BTC-31OCT25-116000-P,0.043,0.2,buy,114686.13,40.38
2025-10-10 20:56:12.060000+00:00,BTC-31OCT25-115000-C,0.0375,0.3,sell,114686.13,39.9
2025-10-10 20:56:12.071000+00:00,BTC-17OCT25-116000-C,0.0165,0.3,sell,114724.58,40.11
2025-10-10 20:56:12.096000+00:00,BTC-17OCT25-115000-C,0.0205,0.1,sell,114724.58,40.38
2025-10-10 20:56:12.104000+00:00,BTC-31OCT25-114000-P,0.0345,0.2,buy,114686.13,40.97
2025-10-10 20:56:12.123000+00:00,BTC-31OCT25-114000-P,0.0345,0.1,buy,114686.13,40.97
2025-10-10 20:56:12.166000+00:00,BTC-31OCT25-112000-P,0.0275,0.4,buy,114686.13,41.87
2025-10-10 20:56:12.188000+00:00,BTC-26DEC25-120000-P,0.095,0.9,buy,114724.58,42.38
2025-10-10 20:56:12.236000+00:00,BTC-31OCT25-112000-P,0.0275,0.4,buy,114686.13,41.87
2025-10-10 20:56:12.410000+00:00,BTC-26DEC25-200000-C,0.0019,1.1,sell,114724.58,55.2
2025-10-10 20:56:12.457000+00:00,BTC-26DEC25-130000-C,0.035,0.1,sell,114724.58,41.66
2025-10-10 20:56:12.624000+00:00,BTC-26DEC25-200000-C,0.0019,0.1,sell,114686.13,55.28
2025-10-10 20:56:12.750000+00:00,BTC-31OCT25-145000-C,0.001,0.5,buy,114686.13,48.21
2025-10-10 20:56:12.760000+00:00,BTC-11OCT25-112000-P,0.0024,4.0,buy,114686.13,79.19
2025-10-10 20:56:13.299000+00:00,BTC-31OCT25-134000-C,0.003,1.0,sell,114600.91,42.6
2025-10-10 20:56:13.554000+00:00,BTC-17OCT25-127000-C,0.001,2.0,sell,114686.13,43.71
2025-10-10 20:56:13.554000+00:00,BTC-17OCT25-127000-C,0.001,0.1,sell,114686.13,43.71
2025-10-10 20:56:13.767000+00:00,BTC-31OCT25-115000-P,0.04,1.0,sell,114600.91,41.75
2025-10-10 20:56:14.279000+00:00,BTC-26DEC25-100000-P,0.028,2.0,buy,114600.91,46.68
2025-10-10 20:56:14.339000+00:00,BTC-11OCT25-112000-P,0.0026,3.4,sell,114502.47,72.54
2025-10-10 20:56:14.442000+00:00,BTC-11OCT25-112000-P,0.0026,2.6,sell,114502.47,72.54
2025-10-10 20:56:14.457000+00:00,BTC-11OCT25-119000-C,0.0003,12.9,buy,114502.47,56.43
2025-10-10 20:56:14.518000+00:00,BTC-31OCT25-110000-P,0.0225,0.1,buy,114502.47,43.15
2025-10-10 20:56:14.518000+00:00,BTC-31OCT25-110000-P,0.0225,1.9,buy,114502.47,43.15
2025-10-10 20:56:15.218000+00:00,BTC-31OCT25-70000-P,0.0003,0.5,buy,114431.73,83.27
2025-10-10 20:56:15.218000+00:00,BTC-31OCT25-70000-P,0.0003,2.0,buy,114431.73,83.27
2025-10-10 20:56:15.322000+00:00,BTC-12OCT25-119000-C,0.0006,1.0,sell,114431.73,38.4
2025-10-10 20:56:15.627000+00:00,BTC-26DEC25-140000-C,0.019,5.0,sell,114431.73,42.5
2025-10-10 20:56:15.627000+00:00,BTC-28NOV25-110000-P,0.0395,0.1,buy,114431.73,42.15
2025-10-10 20:56:16.113000+00:00,BTC-31OCT25-112000-P,0.029,0.3,buy,114327.57,42.09
2025-10-10 20:56:16.124000+00:00,BTC-31OCT25-114000-P,0.0365,0.3,buy,114327.57,41.93
2025-10-10 20:56:16.208000+00:00,BTC-31OCT25-155000-C,0.0003,0.2,buy,114327.57,51.41
2025-10-10 20:56:16.208000+00:00,BTC-31OCT25-140000-C,0.0016,0.2,sell,114327.57,46.22
2025-10-10 20:56:16.411000+00:00,BTC-28NOV25-140000-C,0.008,0.1,sell,114431.73,41.69
2025-10-10 20:56:16.480000+00:00,BTC-11OCT25-119000-C,0.0002,7.8,sell,114327.57,52.58
2025-10-10 20:56:16.511000+00:00,BTC-31OCT25-140000-C,0.0016,0.2,sell,114327.57,46.22
2025-10-10 20:56:16.511000+00:00,BTC-31OCT25-155000-C,0.0003,0.2,buy,114327.57,51.41
2025-10-10 20:56:16.537000+00:00,BTC-11OCT25-119000-C,0.0002,7.8,sell,114327.57,52.58
2025-10-10 20:56:16.575000+00:00,BTC-31OCT25-90000-P,0.0027,0.6,buy,114327.57,61.97
2025-10-10 20:56:16.581000+00:00,BTC-31OCT25-90000-P,0.0027,1.4,sell,114327.57,61.97
2025-10-10 20:56:16.650000+00:00,BTC-31OCT25-120000-C,0.0194,25.0,sell,114327.57,39.81
2025-10-10 20:56:16.650000+00:00,BTC-31OCT25-126000-C,0.0084,25.0,buy,114327.57,40.02
2025-10-10 20:56:16.728000+00:00,BTC-26DEC25-160000-C,0.007,0.1,buy,114327.57,46.37
2025-10-10 20:56:16.744000+00:00,BTC-31OCT25-70000-P,0.0003,1.2,buy,114327.57,83.18
2025-10-10 20:56:16.753000+00:00,BTC-31OCT25-70000-P,0.0003,0.1,buy,114327.57,83.18
2025-10-10 20:56:16.882000+00:00,BTC-31OCT25-140000-C,0.0016,0.2,sell,114283.95,46.22
2025-10-10 20:56:16.882000+00:00,BTC-31OCT25-155000-C,0.0003,0.2,buy,114283.95,51.41
2025-10-10 20:56:16.915000+00:00,BTC-11OCT25-112000-P,0.0028,0.5,sell,114283.95,74.64
2025-10-10 20:56:17.244000+00:00,BTC-12OCT25-119000-C,0.0009,13.3,buy,114283.95,43.32
2025-10-10 20:56:17.526000+00:00,BTC-26DEC25-85000-P,0.011,0.3,sell,114283.95,54.65
2025-10-10 20:56:17.817000+00:00,BTC-31OCT25-116000-P,0.0455,2.0,sell,114283.95,40.87
2025-10-10 20:56:18.401000+00:00,BTC-26DEC25-115000-C,0.08,1.0,sell,114283.95,41.85
2025-10-10 20:56:18.401000+00:00,BTC-26DEC25-115000-C,0.08,0.2,sell,114283.95,41.85
2025-10-10 20:56:18.415000+00:00,BTC-31OCT25-115000-C,0.0355,0.3,sell,114211.3,39.88
2025-10-10 20:56:18.419000+00:00,BTC-31OCT25-115000-P,0.042,0.2,buy,114211.3,41.92
2025-10-10 20:56:18.434000+00:00,BTC-31OCT25-115000-P,0.042,1.8,sell,114211.3,41.92
2025-10-10 20:56:18.920000+00:00,BTC-27MAR26-100000-P,0.0555,2.0,sell,114211.3,46.83
2025-10-10 20:56:18.991000+00:00,BTC-31OCT25-155000-C,0.0003,0.2,buy,114150.52,51.56
2025-10-10 20:56:18.991000+00:00,BTC-31OCT25-140000-C,0.0016,0.2,sell,114150.52,46.42
2025-10-10 20:56:18.992000+00:00,BTC-26DEC25-124000-C,0.048,2.0,buy,114211.3,41.47
2025-10-10 20:56:19.133000+00:00,BTC-26DEC25-85000-P,0.011,0.1,sell,114211.3,54.56
2025-10-10 20:56:19.148000+00:00,BTC-26DEC25-105000-P,0.039,0.1,sell,114211.3,44.29
2025-10-10 20:56:19.193000+00:00,BTC-31OCT25-155000-C,0.0003,0.2,buy,114150.52,51.64
2025-10-10 20:56:19.193000+00:00,BTC-31OCT25-140000-C,0.0016,0.2,sell,114150.52,46.51
2025-10-10 20:56:19.235000+00:00,BTC-26DEC25-85000-P,0.011,2.2,sell,114211.3,54.56
2025-10-10 20:56:19.732000+00:00,BTC-31OCT25-114000-P,0.0375,0.3,buy,114150.52,41.69
2025-10-10 20:56:20.537000+00:00,BTC-26DEC25-135000-C,0.025,0.2,sell,114056.19,42.19
2025-10-10 20:56:20.659000+00:00,BTC-26DEC25-200000-C,0.0019,0.5,sell,114056.19,55.76
2025-10-10 20:56:20.664000+00:00,BTC-26DEC25-200000-C,0.0019,0.1,sell,114056.19,55.76
2025-10-10 20:56:20.777000+00:00,BTC-26DEC25-125000-C,0.045,0.2,sell,114056.19,41.59
2025-10-10 20:56:20.929000+00:00,BTC-28NOV25-80000-P,0.0037,0.9,buy,114056.19,60.06
2025-10-10 20:56:21.004000+00:00,BTC-11OCT25-112000-P,0.0031,0.2,sell,113974.61,67.78
2025-10-10 20:56:21.385000+00:00,BTC-28NOV25-105000-P,0.0275,0.1,buy,114056.19,44.13
2025-10-10 20:56:21.385000+00:00,BTC-28NOV25-105000-P,0.0275,0.3,buy,114056.19,44.13
2025-10-10 20:56:21.412000+00:00,BTC-28NOV25-102000-P,0.0215,0.1,buy,114056.19,45.49
2025-10-10 20:56:21.412000+00:00,BTC-28NOV25-102000-P,0.0215,0.7,buy,114056.19,45.49
2025-10-10 20:56:21.498000+00:00,BTC-31OCT25-130000-C,0.0045,4.2,sell,113974.61,41.06
2025-10-10 20:56:21.516000+00:00,BTC-31OCT25-115000-C,0.0345,0.3,sell,113974.61,39.84
2025-10-10 20:56:21.698000+00:00,BTC-31OCT25-110000-C,0.0595,0.3,sell,113974.61,41.13
2025-10-10 20:56:22.236000+00:00,BTC-31OCT25-70000-P,0.0003,8.2,buy,113868.65,82.55
2025-10-10 20:56:22.252000+00:00,BTC-26DEC25-90000-P,0.0155,2.0,buy,113974.61,51.7
2025-10-10 20:56:22.628000+00:00,BTC-17OCT25-122000-C,0.0027,0.1,sell,113868.65,40.63
2025-10-10 20:56:22.635000+00:00,BTC-26DEC25-200000-C,0.0019,0.2,sell,113868.65,55.9
2025-10-10 20:56:22.773000+00:00,BTC-26DEC25-130000-C,0.033,1.0,sell,113868.65,41.73
2025-10-10 20:56:23.377000+00:00,BTC-31OCT25-135000-C,0.0025,0.3,sell,113756.95,44.0
2025-10-10 20:56:23.516000+00:00,BTC-12OCT25-119000-C,0.0005,3.0,sell,113756.95,40.5
2025-10-10 20:56:23.607000+00:00,BTC-12OCT25-112000-P,0.0055,0.2,sell,113756.95,47.82
2025-10-10 20:56:23.643000+00:00,BTC-31OCT25-140000-C,0.0015,0.2,sell,113756.95,46.63
2025-10-10 20:56:23.643000+00:00,BTC-31OCT25-155000-C,0.0003,0.2,buy,113756.95,52.15
2025-10-10 20:56:23.673000+00:00,BTC-31OCT25-115000-P,0.045,0.6,sell,113756.95,42.75
2025-10-10 20:56:23.700000+00:00,BTC-31OCT25-115000-C,0.033,0.3,sell,113756.95,39.18
2025-10-10 20:56:23.732000+00:00,BTC-17OCT25-130000-C,0.0005,2.9,sell,113756.95,48.66
2025-10-10 20:56:23.772000+00:00,BTC-31OCT25-112000-P,0.032,0.3,buy,113756.95,42.99
2025-10-10 20:56:23.907000+00:00,BTC-24OCT25-105000-P,0.01,0.1,buy,113756.95,50.06
2025-10-10 20:56:23.925000+00:00,BTC-24OCT25-105000-P,0.01,0.1,buy,113609.35,49.19
2025-10-10 20:56:23.959000+00:00,BTC-31OCT25-155000-C,0.0003,0.1,buy,113609.35,52.15
2025-10-10 20:56:23.959000+00:00,BTC-31OCT25-140000-C,0.0015,0.1,sell,113609.35,46.63
2025-10-10 20:56:24.105000+00:00,BTC-26DEC25-130000-C,0.0325,1.0,sell,113756.95,41.58
2025-10-10 20:56:24.175000+00:00,BTC-28NOV25-120000-P,0.0885,0.1,buy,113756.95,41.9
2025-10-10 20:56:24.212000+00:00,BTC-24OCT25-105000-P,0.01,0.1,buy,113609.35,49.19
2025-10-10 20:56:24.215000+00:00,BTC-26DEC25-85000-P,0.0115,0.1,sell,113756.95,54.69
2025-10-10 20:56:24.316000+00:00,BTC-28NOV25-112000-P,0.0505,2.0,sell,113756.95,42.68
2025-10-10 20:56:24.335000+00:00,BTC-31OCT25-128000-C,0.0055,0.1,sell,113609.35,40.26
2025-10-10 20:56:24.335000+00:00,BTC-31OCT25-128000-C,0.0055,0.3,sell,113609.35,40.26
2025-10-10 20:56:24.357000+00:00,BTC-31OCT25-114000-C,0.0365,0.1,sell,113609.35,39.26
2025-10-10 20:56:24.365000+00:00,BTC-27MAR26-200000-C,0.01,0.1,sell,113756.95,49.09
2025-10-10 20:56:24.365000+00:00,BTC-31OCT25-110000-P,0.026,0.3,buy,113609.35,43.9
2025-10-10 20:56:24.391000+00:00,BTC-27MAR26-100000-P,0.0575,2.8,buy,113756.95,47.19
2025-10-10 20:56:24.393000+00:00,BTC-26DEC25-70000-P,0.0045,0.1,buy,113756.95,65.24
2025-10-10 20:56:24.580000+00:00,BTC-31OCT25-126000-C,0.007,0.4,sell,113609.35,39.54
2025-10-10 20:56:24.647000+00:00,BTC-26DEC25-95000-P,0.0215,2.0,sell,113609.35,48.64
2025-10-10 20:56:24.668000+00:00,BTC-12OCT25-112000-P,0.006,0.2,sell,113609.35,50.13
2025-10-10 20:56:24.763000+00:00,BTC-24OCT25-116000-P,0.042,3.6,sell,113609.35,40.33
2025-10-10 20:56:24.868000+00:00,BTC-31OCT25-112000-P,0.0335,0.2,buy,113609.35,43.97
2025-10-10 20:56:24.901000+00:00,BTC-26DEC25-40000-P,0.0003,2.5,buy,113609.35,87.69
2025-10-10 20:56:24.990000+00:00,BTC-17OCT25-126000-C,0.001,0.8,sell,113609.35,44.38
2025-10-10 20:56:25.420000+00:00,BTC-31OCT25-102000-P,0.01,0.8,buy,113362.32,48.22
2025-10-10 20:56:25.551000+00:00,BTC-31OCT25-115000-P,0.0455,2.0,sell,113362.32,41.15
2025-10-10 20:56:25.634000+00:00,BTC-31OCT25-130000-C,0.0042,0.5,sell,113362.32,41.75
2025-10-10 20:56:25.634000+00:00,BTC-31OCT25-102000-P,0.01,0.6,buy,113362.32,48.22
2025-10-10 20:56:25.639000+00:00,BTC-31OCT25-130000-C,0.0042,0.1,sell,113362.32,41.75
2025-10-10 20:56:25.689000+00:00,BTC-31OCT25-130000-C,0.0042,0.1,sell,113362.32,41.75
2025-10-10 20:56:25.696000+00:00,BTC-31OCT25-130000-C,0.0042,0.3,sell,113362.32,41.75
2025-10-10 20:56:25.742000+00:00,BTC-31OCT25-130000-C,0.0042,0.3,sell,113362.32,41.75
2025-10-10 20:56:25.753000+00:00,BTC-31OCT25-130000-C,0.0042,0.1,sell,113362.32,41.75
2025-10-10 20:56:25.809000+00:00,BTC-31OCT25-130000-C,0.0042,0.1,sell,113362.32,41.75
2025-10-10 20:56:26.056000+00:00,BTC-28NOV25-80000-P,0.004,0.1,buy,113362.32,60.13
2025-10-10 20:56:26.093000+00:00,BTC-12OCT25-112000-P,0.012,0.1,sell,113362.32,72.7
2025-10-10 20:56:26.105000+00:00,BTC-26DEC25-95000-P,0.022,0.2,buy,113362.32,48.72
2025-10-10 20:56:26.326000+00:00,BTC-17OCT25-115000-P,0.0279,3.2,sell,113205.91,37.06
2025-10-10 20:56:26.326000+00:00,BTC-17OCT25-110000-P,0.0102,3.2,buy,113205.91,41.87
2025-10-10 20:56:26.373000+00:00,BTC-26DEC25-85000-P,0.0125,2.0,buy,113362.32,55.53
2025-10-10 20:56:26.619000+00:00,BTC-31OCT25-110000-P,0.027,2.0,sell,113205.91,43.45
2025-10-10 20:56:26.857000+00:00,BTC-26DEC25-85000-P,0.012,2.6,sell,113205.91,54.68
2025-10-10 20:56:26.950000+00:00,BTC-11OCT25-112000-P,0.0047,1.4,sell,113205.91,64.12
2025-10-10 20:56:27.126000+00:00,BTC-31OCT25-118000-P,0.0625,0.3,sell,113119.23,40.12
2025-10-10 20:56:27.177000+00:00,BTC-26DEC25-100000-P,0.0305,2.0,sell,113205.91,46.24
2025-10-10 20:56:27.180000+00:00,BTC-31OCT25-110000-P,0.027,0.1,sell,113119.23,43.11
2025-10-10 20:56:27.187000+00:00,BTC-12OCT25-112000-P,0.0065,0.2,sell,113119.23,45.92
2025-10-10 20:56:27.262000+00:00,BTC-31OCT25-102000-P,0.01,0.3,sell,113119.23,47.58
2025-10-10 20:56:27.837000+00:00,BTC-31OCT25-112000-C,0.0465,0.2,buy,113119.23,42.84
2025-10-10 20:56:27.852000+00:00,BTC-31OCT25-80000-P,0.0014,2.4,sell,113119.23,75.05
2025-10-10 20:56:27.852000+00:00,BTC-31OCT25-80000-P,0.0014,1.2,sell,113119.23,75.05
2025-10-10 20:56:27.852000+00:00,BTC-31OCT25-80000-P,0.0014,1.0,sell,113119.23,75.05
2025-10-10 20:56:27.853000+00:00,BTC-17OCT25-110000-P,0.0125,0.4,sell,113119.23,45.37
2025-10-10 20:56:27.908000+00:00,BTC-24OCT25-116000-P,0.044,0.9,sell,113119.23,39.22
2025-10-10 20:56:27.922000+00:00,BTC-17OCT25-114000-P,0.0265,1.1,sell,113119.23,41.89
2025-10-10 20:56:27.925000+00:00,BTC-24OCT25-116000-P,0.044,2.6,sell,113119.23,39.22
2025-10-10 20:56:28.094000+00:00,BTC-31OCT25-110000-P,0.027,0.1,buy,113118.6,43.12
2025-10-10 20:56:28.158000+00:00,BTC-28NOV25-110000-P,0.044,2.0,sell,113119.23,41.91
2025-10-10 20:56:28.199000+00:00,BTC-11OCT25-112000-P,0.007,0.2,buy,113119.23,81.9
2025-10-10 20:56:28.203000+00:00,BTC-11OCT25-112000-P,0.015,2.0,sell,113119.23,140.9
2025-10-10 20:56:28.238000+00:00,BTC-11OCT25-112000-P,0.0048,5.4,sell,113119.23,64.91
2025-10-10 20:56:28.264000+00:00,BTC-31OCT25-85000-P,0.0018,1.0,buy,113118.6,66.47
2025-10-10 20:56:28.356000+00:00,BTC-11OCT25-112000-P,0.015,2.8,sell,113119.23,140.9
2025-10-10 20:56:28.487000+00:00,BTC-31OCT25-106000-P,0.0165,0.5,buy,113118.6,44.97
2025-10-10 20:56:28.515000+00:00,BTC-17OCT25-114000-P,0.0265,0.1,buy,113119.23,41.89
2025-10-10 20:56:28.547000+00:00,BTC-11OCT25-112000-P,0.0046,1.0,sell,113119.23,63.32
2025-10-10 20:56:28.547000+00:00,BTC-11OCT25-112000-P,0.0046,1.6,sell,113119.23,63.32
2025-10-10 20:56:28.642000+00:00,BTC-28NOV25-100000-P,0.0195,0.1,sell,113118.6,46.0
2025-10-10 20:56:28.657000+00:00,BTC-11OCT25-112000-P,0.0046,0.4,sell,113119.23,63.32
2025-10-10 20:56:28.889000+00:00,BTC-31OCT25-106000-P,0.0147,12.5,buy,113118.6,42.53
2025-10-10 20:56:28.889000+00:00,BTC-31OCT25-135000-C,0.0016,12.5,sell,113118.6,41.42
2025-10-10 20:56:28.997000+00:00,BTC-31OCT25-85000-P,0.002,0.4,sell,113118.6,67.74
2025-10-10 20:56:29.310000+00:00,BTC-12OCT25-112000-P,0.0065,7.0,sell,113198.94,42.68
2025-10-10 20:56:29.761000+00:00,BTC-27MAR26-150000-C,0.041,2.6,sell,113198.94,45.46
2025-10-10 20:56:29.772000+00:00,BTC-17OCT25-128000-C,0.0008,25.0,buy,113198.94,49.04
2025-10-10 20:56:30.229000+00:00,BTC-12OCT25-112000-P,0.0065,7.4,sell,113253.78,42.68
2025-10-10 20:56:30.273000+00:00,BTC-17OCT25-119000-P,0.056,0.3,sell,113198.94,39.0
2025-10-10 20:56:30.396000+00:00,BTC-12OCT25-112000-P,0.006,7.0,sell,113253.78,40.54
2025-10-10 20:56:30.744000+00:00,BTC-24OCT25-114000-P,0.0335,1.0,sell,113253.78,39.91
2025-10-10 20:56:30.775000+00:00,BTC-17OCT25-115000-P,0.0305,6.0,sell,113253.78,41.03
2025-10-10 20:56:30.782000+00:00,BTC-26JUN26-20000-P,0.0005,1.0,buy,113253.78,83.85
2025-10-10 20:56:30.782000+00:00,BTC-26JUN26-20000-P,0.0005,3.0,buy,113253.78,83.85
2025-10-10 20:56:30.842000+00:00,BTC-26DEC25-90000-P,0.0155,0.1,sell,113253.78,50.75
2025-10-10 20:56:30.844000+00:00,BTC-17OCT25-113000-P,0.0215,0.3,sell,113253.78,42.65
2025-10-10 20:56:30.890000+00:00,BTC-28NOV25-112000-P,0.0505,0.1,sell,113253.78,41.22
2025-10-10 20:56:30.946000+00:00,BTC-26DEC25-90000-P,0.0155,0.1,sell,113253.78,50.75
2025-10-10 20:56:30.946000+00:00,BTC-26DEC25-90000-P,0.0155,1.9,sell,113253.78,50.75
2025-10-10 20:56:30.951000+00:00,BTC-26JUN26-20000-P,0.0005,5.6,sell,113256.28,83.85
2025-10-10 20:56:31.689000+00:00,BTC-26DEC25-115000-P,0.0765,1.0,sell,113256.28,41.59
2025-10-10 20:56:31.706000+00:00,BTC-26DEC25-120000-P,0.1005,4.3,sell,113256.28,40.79
2025-10-10 20:56:31.786000+00:00,BTC-31OCT25-106000-P,0.0155,0.3,sell,113256.28,44.07
2025-10-10 20:56:31.805000+00:00,BTC-31OCT25-110000-P,0.025,0.3,sell,113256.28,41.41
2025-10-10 20:56:31.831000+00:00,BTC-12OCT25-112000-P,0.0065,0.2,sell,113256.28,42.69
2025-10-10 20:56:31.971000+00:00,BTC-31OCT25-100000-P,0.0075,0.3,sell,113256.28,48.83
2025-10-10 20:56:32.002000+00:00,BTC-31OCT25-125000-C,0.009,0.3,buy,113256.28,41.68
2025-10-10 20:56:32.011000+00:00,BTC-31OCT25-132000-C,0.0038,0.3,buy,113256.28,44.3
2025-10-10 20:56:32.017000+00:00,BTC-31OCT25-130000-C,0.0048,1.8,buy,113256.28,43.42
2025-10-10 20:56:32.145000+00:00,BTC-26DEC25-115000-P,0.076,1.0,sell,113256.28,41.32
2025-10-10 20:56:32.158000+00:00,BTC-26DEC25-105000-P,0.041,1.0,sell,113256.28,43.8
2025-10-10 20:56:33.338000+00:00,BTC-31OCT25-125000-P,0.106,0.1,sell,113505.04,36.08
2025-10-10 20:56:33.358000+00:00,BTC-31OCT25-114000-P,0.039,0.7,sell,113505.04,40.17
2025-10-10 20:56:33.426000+00:00,BTC-31OCT25-114000-P,0.039,0.1,sell,113505.04,40.17
2025-10-10 20:56:33.454000+00:00,BTC-31OCT25-114000-P,0.039,0.8,sell,113505.04,40.17
2025-10-10 20:56:33.645000+00:00,BTC-11OCT25-112000-P,0.0045,2.0,sell,113369.04,66.2
2025-10-10 20:56:33.645000+00:00,BTC-11OCT25-112000-P,0.0045,5.0,sell,113369.04,66.2
2025-10-10 20:56:34.381000+00:00,BTC-31OCT25-115000-P,0.0435,0.2,sell,113566.17,40.19
2025-10-10 20:56:34.413000+00:00,BTC-31OCT25-115000-P,0.0435,0.2,sell,113566.17,40.19
2025-10-10 20:56:34.418000+00:00,BTC-12OCT25-112000-P,0.0055,0.2,sell,113566.17,43.4
2025-10-10 20:56:34.441000+00:00,BTC-31OCT25-114000-P,0.039,0.2,sell,113566.17,40.18
2025-10-10 20:56:34.560000+00:00,BTC-24OCT25-116000-P,0.041,0.2,sell,113566.17,38.76
2025-10-10 20:56:34.695000+00:00,BTC-24OCT25-116000-P,0.041,0.4,sell,113566.17,38.76
2025-10-10 20:56:34.740000+00:00,BTC-17OCT25-113000-P,0.02,0.8,sell,113566.17,42.51
2025-10-10 20:56:34.764000+00:00,BTC-17OCT25-113000-P,0.02,0.2,sell,113566.17,42.51
2025-10-10 20:56:34.773000+00:00,BTC-17OCT25-116000-P,0.0335,0.3,sell,113566.17,39.58
2025-10-10 20:56:34.870000+00:00,BTC-31OCT25-116000-P,0.048,0.2,sell,113566.17,39.56
2025-10-10 20:56:34.872000+00:00,BTC-26DEC25-120000-P,0.0995,0.2,sell,113566.17,41.25
2025-10-10 20:56:34.874000+00:00,BTC-17OCT25-110000-P,0.0115,0.3,sell,113566.17,46.1
2025-10-10 20:56:34.900000+00:00,BTC-17OCT25-115000-P,0.028,0.1,sell,113566.17,39.73
2025-10-10 20:56:34.910000+00:00,BTC-17OCT25-114000-P,0.0235,0.3,sell,113566.17,40.72
2025-10-10 20:56:35.229000+00:00,BTC-31OCT25-115000-P,0.044,16.8,sell,113641.91,41.13
2025-10-10 20:56:36.003000+00:00,BTC-26DEC25-90000-P,0.0155,9.6,buy,113641.91,51.27
2025-10-10 20:56:38.680000+00:00,BTC-17OCT25-113000-P,0.019,0.3,sell,113817.99,42.64
2025-10-10 20:56:39.085000+00:00,BTC-17OCT25-128000-C,0.0008,0.1,sell,113817.99,47.15
2025-10-10 20:56:40.586000+00:00,BTC-28NOV25-125000-C,0.026,0.1,buy,113913.4,39.71
2025-10-10 20:56:40.865000+00:00,BTC-17OCT25-113000-P,0.0185,0.1,sell,113944.65,42.7
2025-10-10 20:56:40.869000+00:00,BTC-17OCT25-113000-P,0.0185,0.1,sell,113944.65,42.7
2025-10-10 20:56:40.874000+00:00,BTC-17OCT25-113000-P,0.0185,0.1,sell,113944.65,42.7
2025-10-10 20:56:41.797000+00:00,BTC-17OCT25-115000-P,0.0275,0.3,buy,113928.13,42.55
2025-10-10 20:56:41.936000+00:00,BTC-17OCT25-110000-P,0.011,5.0,buy,113928.13,47.15
2025-10-10 20:56:42.115000+00:00,BTC-28NOV25-112000-P,0.048,0.1,sell,113928.13,41.55
2025-10-10 20:56:42.284000+00:00,BTC-17OCT25-113000-P,0.0185,0.1,sell,113928.13,42.56
2025-10-10 20:56:42.289000+00:00,BTC-17OCT25-115000-P,0.0265,0.3,sell,113928.13,40.65
2025-10-10 20:56:42.296000+00:00,BTC-17OCT25-113000-P,0.0185,0.1,sell,113928.13,42.56
2025-10-10 20:56:42.338000+00:00,BTC-17OCT25-127000-C,0.001,13.8,buy,113928.13,46.04
2025-10-10 20:56:42.424000+00:00,BTC-17OCT25-113000-P,0.0185,0.1,sell,113928.13,42.56
2025-10-10 20:56:42.697000+00:00,BTC-17OCT25-114000-P,0.022,0.1,sell,113937.71,41.27
2025-10-10 20:56:42.713000+00:00,BTC-17OCT25-114000-P,0.022,0.1,sell,113937.71,41.27
2025-10-10 20:56:43.518000+00:00,BTC-28NOV25-112000-P,0.049,0.3,sell,113937.71,42.29
2025-10-10 20:56:44.269000+00:00,BTC-17OCT25-114000-P,0.022,0.3,sell,114009.58,41.89
2025-10-10 20:56:44.337000+00:00,BTC-27MAR26-85000-P,0.0255,4.1,buy,114009.58,50.02
2025-10-10 20:56:44.337000+00:00,BTC-27MAR26-85000-P,0.0255,4.1,buy,114009.58,50.02
2025-10-10 20:56:45.274000+00:00,BTC-31OCT25-102000-P,0.0085,0.3,sell,114107.99,47.47
2025-10-10 20:56:46.842000+00:00,BTC-17OCT25-114000-P,0.0225,5.0,buy,114120.77,43.79
2025-10-10 20:56:47.307000+00:00,BTC-26DEC25-40000-P,0.0003,2.5,buy,114120.77,87.95
2025-10-10 20:56:47.332000+00:00,BTC-26DEC25-40000-P,0.0003,0.1,buy,114120.77,87.95
2025-10-10 20:56:48.519000+00:00,BTC-11OCT25-112000-P,0.0035,1.0,buy,114097.97,72.39
2025-10-10 20:56:55.680000+00:00,BTC-17OCT25-114000-P,0.022,0.3,buy,114098.06,42.64
2025-10-10 20:56:56.342000+00:00,BTC-17OCT25-116000-P,0.03,0.2,sell,114098.06,38.98
2025-10-10 20:56:56.352000+00:00,BTC-17OCT25-116000-P,0.03,0.2,sell,114098.06,38.98
2025-10-10 20:56:56.361000+00:00,BTC-17OCT25-116000-P,0.03,0.2,sell,114098.06,38.98
2025-10-10 20:56:56.371000+00:00,BTC-17OCT25-116000-P,0.03,0.1,sell,114098.06,38.98
2025-10-10 20:56:56.429000+00:00,BTC-17OCT25-116000-P,0.03,0.1,sell,114098.06,38.98
2025-10-10 20:56:56.535000+00:00,BTC-17OCT25-114000-P,0.021,0.2,sell,114098.06,40.75
2025-10-10 20:56:57.047000+00:00,BTC-17OCT25-116000-P,0.0295,0.2,sell,114162.82,38.75
2025-10-10 20:56:57.180000+00:00,BTC-17OCT25-114000-C,0.023,0.7,sell,114162.82,41.63
2025-10-10 20:56:57.180000+00:00,BTC-17OCT25-114000-C,0.023,0.3,sell,114162.82,41.63
2025-10-10 20:56:57.319000+00:00,BTC-17OCT25-115000-P,0.0245,0.1,sell,114162.82,39.16
2025-10-10 20:56:57.332000+00:00,BTC-17OCT25-115000-P,0.0245,0.1,sell,114162.82,39.16
2025-10-10 20:56:57.349000+00:00,BTC-17OCT25-115000-P,0.0245,0.1,sell,114162.82,39.16
2025-10-10 20:56:57.359000+00:00,BTC-17OCT25-113000-P,0.017,0.1,sell,114162.82,41.46
2025-10-10 20:56:57.391000+00:00,BTC-17OCT25-113000-P,0.017,0.1,sell,114162.82,41.46
2025-10-10 20:56:57.437000+00:00,BTC-17OCT25-116000-P,0.029,0.2,sell,114162.82,37.77
2025-10-10 20:56:57.448000+00:00,BTC-17OCT25-114000-C,0.0245,0.1,buy,114162.82,44.46
2025-10-10 20:56:57.682000+00:00,BTC-26DEC25-105000-P,0.0385,0.2,sell,114241.34,44.02
2025-10-10 20:56:57.737000+00:00,BTC-26DEC25-105000-P,0.0385,0.2,sell,114241.34,44.02
2025-10-10 20:56:57.743000+00:00,BTC-26DEC25-105000-P,0.0385,0.1,sell,114241.34,44.02
2025-10-10 20:56:57.744000+00:00,BTC-26DEC25-105000-P,0.0385,0.1,sell,114241.34,44.02
2025-10-10 20:56:57.749000+00:00,BTC-26DEC25-105000-P,0.0385,0.1,sell,114241.34,44.02
2025-10-10 20:56:57.754000+00:00,BTC-26DEC25-105000-P,0.0385,0.1,sell,114241.34,44.02
2025-10-10 20:56:57.757000+00:00,BTC-26DEC25-105000-P,0.0385,0.1,sell,114241.34,44.02
2025-10-10 20:56:57.764000+00:00,BTC-26DEC25-105000-P,0.0385,0.1,sell,114241.34,44.02
2025-10-10 20:56:58.343000+00:00,BTC-12OCT25-112000-P,0.0035,0.3,sell,114354.68,40.18
2025-10-10 20:56:58.863000+00:00,BTC-26DEC25-115000-P,0.072,0.3,sell,114354.68,41.96
2025-10-10 20:56:58.869000+00:00,BTC-26DEC25-115000-P,0.072,0.1,sell,114354.68,41.96
2025-10-10 20:57:01.528000+00:00,BTC-12OCT25-112000-P,0.0034,1.7,sell,114408.01,43.5
2025-10-10 20:57:06.180000+00:00,BTC-31OCT25-112000-P,0.0285,0.1,sell,114272.23,41.4
2025-10-10 20:57:06.181000+00:00,BTC-31OCT25-112000-P,0.0285,0.7,sell,114272.23,41.4
2025-10-10 20:57:06.219000+00:00,BTC-31OCT25-112000-P,0.0285,0.1,sell,114272.23,41.4
2025-10-10 20:57:06.219000+00:00,BTC-31OCT25-112000-P,0.0285,0.6,sell,114272.23,41.4
2025-10-10 20:57:08.323000+00:00,BTC-31OCT25-125000-P,0.1075,0.2,sell,114306.41,50.04
2025-10-10 20:57:10.122000+00:00,BTC-31OCT25-112000-P,0.029,0.5,sell,114185.67,41.54
2025-10-10 20:57:10.122000+00:00,BTC-31OCT25-112000-P,0.029,0.1,sell,114185.67,41.54
2025-10-10 20:57:10.365000+00:00,BTC-31OCT25-112000-P,0.029,0.1,sell,114185.67,41.54
2025-10-10 20:57:10.371000+00:00,BTC-31OCT25-112000-P,0.029,0.1,sell,114185.67,41.54
2025-10-10 20:57:10.372000+00:00,BTC-31OCT25-112000-P,0.029,0.3,sell,114185.67,41.54
2025-10-10 20:57:10.374000+00:00,BTC-31OCT25-112000-P,0.029,0.1,sell,114185.67,41.54
2025-10-10 20:57:10.376000+00:00,BTC-31OCT25-112000-P,0.029,0.3,sell,114185.67,41.54
2025-10-10 20:57:10.380000+00:00,BTC-31OCT25-112000-P,0.029,0.3,sell,114185.67,41.54
2025-10-10 20:57:11.078000+00:00,BTC-31OCT25-112000-P,0.029,3.7,sell,114216.05,41.67
2025-10-10 20:57:11.788000+00:00,BTC-17OCT25-115000-P,0.0245,0.3,sell,114289.58,40.37
2025-10-10 20:57:11.856000+00:00,BTC-17OCT25-114000-C,0.025,0.1,buy,114289.58,44.32
2025-10-10 20:57:11.864000+00:00,BTC-17OCT25-114000-C,0.025,0.1,buy,114289.58,44.32
2025-10-10 20:57:12.862000+00:00,BTC-12OCT25-112000-P,0.0031,1.9,sell,114410.59,40.78
2025-10-10 20:57:12.879000+00:00,BTC-12OCT25-112000-P,0.0031,0.1,sell,114410.59,40.78
2025-10-10 20:57:13.346000+00:00,BTC-26DEC25-130000-C,0.034,1.0,sell,114410.59,41.54
2025-10-10 20:57:13.348000+00:00,BTC-26DEC25-130000-C,0.034,1.0,buy,114410.59,41.54
2025-10-10 20:57:16.909000+00:00,BTC-28NOV25-70000-P,0.0017,0.2,buy,114537.52,69.06
2025-10-10 20:57:18.181000+00:00,BTC-31OCT25-116000-P,0.044,1.0,buy,114597.87,41.07
2025-10-10 20:57:18.988000+00:00,BTC-17OCT25-120000-C,0.006,0.1,sell,114602.1,40.15
2025-10-10 20:57:22.050000+00:00,BTC-17OCT25-114000-C,0.025,0.3,buy,114517.39,42.29
2025-10-10 20:57:22.436000+00:00,BTC-31OCT25-115000-C,0.037,3.3,sell,114517.39,40.07
2025-10-10 20:57:22.437000+00:00,BTC-31OCT25-115000-C,0.037,0.1,sell,114517.39,40.07
2025-10-10 20:57:23.705000+00:00,BTC-27MAR26-125000-P,0.152,0.1,buy,114446.51,43.77
2025-10-10 20:57:23.746000+00:00,BTC-28NOV25-140000-C,0.0085,0.3,buy,114446.51,42.3
2025-10-10 20:57:23.755000+00:00,BTC-28NOV25-150000-C,0.0048,1.8,buy,114446.51,45.97
2025-10-10 20:57:23.770000+00:00,BTC-28NOV25-145000-C,0.0065,0.2,buy,114446.51,44.45
2025-10-10 20:57:23.774000+00:00,BTC-28NOV25-140000-C,0.009,0.5,buy,114446.51,42.98
2025-10-10 20:57:24.399000+00:00,BTC-31OCT25-128000-C,0.0065,5.9,sell,114446.51,40.72
2025-10-10 20:57:25.947000+00:00,BTC-31OCT25-114000-P,0.0365,0.3,buy,114434.96,41.98
2025-10-10 20:57:26.031000+00:00,BTC-28NOV25-115000-P,0.0585,0.2,buy,114401.12,41.38
2025-10-10 20:57:29.460000+00:00,BTC-27MAR26-200000-C,0.0105,0.4,sell,114261.76,49.3
2025-10-10 20:57:29.462000+00:00,BTC-27MAR26-170000-C,0.0225,0.1,sell,114261.76,46.26
2025-10-10 20:57:30.470000+00:00,BTC-31OCT25-112000-P,0.029,1.0,sell,114244.53,41.75
2025-10-10 20:57:32.836000+00:00,BTC-24OCT25-110000-P,0.0175,0.3,buy,114250.47,44.59
2025-10-10 20:57:34.092000+00:00,BTC-26DEC25-120000-P,0.096,0.1,sell,114296.97,41.6
2025-10-10 20:57:34.175000+00:00,BTC-17OCT25-116000-P,0.0295,0.3,sell,114296.97,40.28
2025-10-10 20:57:34.291000+00:00,BTC-17OCT25-115000-C,0.021,5.5,buy,114296.97,44.59
2025-10-10 20:57:34.291000+00:00,BTC-17OCT25-115000-C,0.021,1.0,buy,114296.97,44.59
2025-10-10 20:57:34.326000+00:00,BTC-17OCT25-118000-C,0.0105,0.3,buy,114296.97,42.7
2025-10-10 20:57:36.883000+00:00,BTC-31OCT25-110000-P,0.0225,0.1,sell,114424.55,42.91
2025-10-10 20:57:36.883000+00:00,BTC-17OCT25-114000-C,0.0255,0.3,buy,114432.26,44.01
2025-10-10 20:57:36.888000+00:00,BTC-31OCT25-116000-C,0.0335,0.3,buy,114424.55,40.97
2025-10-10 20:57:36.975000+00:00,BTC-17OCT25-116000-C,0.017,0.9,buy,114432.26,43.06
2025-10-10 20:57:37.005000+00:00,BTC-17OCT25-107000-P,0.0055,0.3,sell,114432.26,51.02
2025-10-10 20:57:37.043000+00:00,BTC-17OCT25-118000-C,0.0105,0.9,buy,114432.26,41.95
2025-10-10 20:57:37.043000+00:00,BTC-17OCT25-118000-C,0.0105,0.3,buy,114432.26,41.95
2025-10-10 20:57:37.455000+00:00,BTC-31OCT25-108000-P,0.0175,0.1,sell,114432.26,43.82
2025-10-10 20:57:37.492000+00:00,BTC-31OCT25-106000-P,0.0135,0.1,sell,114432.26,44.81
2025-10-10 20:57:47.646000+00:00,BTC-11OCT25-117000-P,0.0196,200.0,sell,114567.57,0.0
2025-10-10 20:57:50.673000+00:00,BTC-31OCT25-122000-C,0.015,1.6,sell,114534.13,39.5
2025-10-10 20:57:51.448000+00:00,BTC-27MAR26-230000-C,0.006,0.4,sell,114508.51,52.73
2025-10-10 20:57:54.792000+00:00,BTC-28NOV25-140000-C,0.009,2.1,buy,114542.49,42.87
2025-10-10 20:57:54.792000+00:00,BTC-28NOV25-140000-C,0.009,0.3,buy,114542.49,42.87
2025-10-10 20:57:55.355000+00:00,BTC-31OCT25-102000-P,0.0085,2.0,sell,114542.49,48.54
2025-10-10 20:57:55.392000+00:00,BTC-28NOV25-140000-C,0.009,0.4,buy,114542.49,42.87
2025-10-10 20:57:58.067000+00:00,BTC-31OCT25-70000-P,0.0007,0.1,buy,114574.97,92.54
2025-10-10 20:57:59.842000+00:00,BTC-28NOV25-140000-C,0.009,0.3,buy,114594.82,42.79
2025-10-10 20:58:01.186000+00:00,BTC-28NOV25-112000-P,0.046,0.1,sell,114600.1,42.05
2025-10-10 20:58:01.190000+00:00,BTC-28NOV25-112000-P,0.046,0.1,sell,114600.1,42.05
2025-10-10 20:58:01.194000+00:00,BTC-28NOV25-112000-P,0.046,0.1,sell,114600.1,42.05
2025-10-10 20:58:02.033000+00:00,BTC-31OCT25-115000-C,0.0385,0.1,buy,114600.1,41.29
2025-10-10 20:58:02.046000+00:00,BTC-31OCT25-115000-C,0.0385,0.6,buy,114600.1,41.29
2025-10-10 20:58:02.061000+00:00,BTC-31OCT25-115000-C,0.0385,0.1,buy,114600.1,41.29
2025-10-10 20:58:02.067000+00:00,BTC-31OCT25-115000-C,0.0385,1.1,buy,114600.1,41.29
2025-10-10 20:58:02.103000+00:00,BTC-17OCT25-115000-C,0.0215,0.3,buy,114615.01,43.06
2025-10-10 20:58:02.251000+00:00,BTC-28NOV25-140000-C,0.009,0.2,buy,114615.01,42.77
2025-10-10 20:58:07.024000+00:00,BTC-31OCT25-124000-C,0.0115,1.7,sell,114627.46,39.67
2025-10-10 20:58:07.031000+00:00,BTC-26DEC25-80000-P,0.008,3.7,buy,114623.08,58.22
2025-10-10 20:58:07.035000+00:00,BTC-26DEC25-80000-P,0.008,1.3,buy,114623.08,58.22
2025-10-10 20:58:10.493000+00:00,BTC-31OCT25-122000-C,0.015,2.4,sell,114590.07,39.36
2025-10-10 20:58:12.052000+00:00,BTC-31OCT25-114000-P,0.0355,1.7,sell,114527.42,41.35
2025-10-10 20:58:18.336000+00:00,BTC-11OCT25-117000-P,0.0201,200.0,sell,114568.42,0.0
2025-10-10 20:58:26.055000+00:00,BTC-17OCT25-116000-P,0.03,0.1,buy,114393.68,42.66
2025-10-10 20:58:28.651000+00:00,BTC-31OCT25-114000-P,0.0365,2.0,sell,114326.01,41.42
2025-10-10 20:58:31.749000+00:00,BTC-26DEC25-40000-P,0.0003,0.7,buy,114472.44,88.17
2025-10-10 20:58:31.753000+00:00,BTC-26DEC25-40000-P,0.0003,0.2,buy,114472.44,88.17
2025-10-10 20:58:33.816000+00:00,BTC-31OCT25-125000-C,0.01,0.2,buy,114499.9,40.18
2025-10-10 20:58:33.873000+00:00,BTC-31OCT25-125000-C,0.01,0.1,sell,114499.9,40.18
2025-10-10 20:58:42.877000+00:00,BTC-26DEC25-90000-P,0.0155,0.1,buy,114529.11,52.44
2025-10-10 20:58:54.629000+00:00,BTC-31OCT25-135000-C,0.003,2.1,sell,114508.0,44.34
2025-10-10 20:58:59.102000+00:00,BTC-31OCT25-125000-C,0.01,6.9,sell,114511.33,40.14
2025-10-10 20:58:59.674000+00:00,BTC-31OCT25-125000-C,0.01,0.3,sell,114489.89,40.18
2025-10-10 20:58:59.690000+00:00,BTC-31OCT25-125000-C,0.01,0.1,sell,114489.89,40.18
2025-10-10 20:58:59.730000+00:00,BTC-31OCT25-125000-C,0.01,0.1,sell,114489.89,40.18
2025-10-10 20:58:59.749000+00:00,BTC-31OCT25-125000-C,0.01,0.4,sell,114489.89,40.18
2025-10-10 20:58:59.768000+00:00,BTC-31OCT25-125000-C,0.01,0.2,sell,114489.89,40.18
2025-10-10 20:58:59.794000+00:00,BTC-31OCT25-125000-C,0.01,0.1,sell,114489.89,40.18
2025-10-10 20:59:00.361000+00:00,BTC-17OCT25-119000-P,0.0465,0.1,buy,114489.89,40.19
2025-10-10 20:59:02.567000+00:00,BTC-31OCT25-125000-C,0.01,1.7,sell,114433.12,40.31
2025-10-10 20:59:03.870000+00:00,BTC-31OCT25-116000-C,0.034,1.9,buy,114448.2,41.39
2025-10-10 20:59:03.908000+00:00,BTC-31OCT25-116000-C,0.034,0.1,buy,114448.2,41.39
2025-10-10 20:59:03.929000+00:00,BTC-17OCT25-114000-C,0.026,0.6,buy,114448.2,44.82
2025-10-10 20:59:03.936000+00:00,BTC-17OCT25-114000-C,0.026,0.5,buy,114448.2,44.82
2025-10-10 20:59:03.985000+00:00,BTC-31OCT25-100000-P,0.0065,0.2,sell,114448.2,49.5
2025-10-10 20:59:09.084000+00:00,BTC-28NOV25-126000-C,0.0265,0.2,buy,114520.98,40.6
2025-10-10 20:59:09.683000+00:00,BTC-31OCT25-116000-C,0.0345,0.1,buy,114539.82,41.5
2025-10-10 20:59:09.768000+00:00,BTC-31OCT25-116000-C,0.0345,0.1,buy,114539.82,41.5
2025-10-10 20:59:09.771000+00:00,BTC-28NOV25-128000-C,0.0225,0.2,buy,114520.98,40.69
2025-10-10 20:59:09.781000+00:00,BTC-31OCT25-116000-C,0.0345,0.2,buy,114539.82,41.5
2025-10-10 20:59:09.800000+00:00,BTC-31OCT25-116000-C,0.0345,0.1,buy,114539.82,41.5
2025-10-10 20:59:09.836000+00:00,BTC-31OCT25-116000-C,0.0345,0.9,buy,114539.82,41.5
2025-10-10 20:59:11.329000+00:00,BTC-28NOV25-90000-P,0.008,0.4,buy,114621.76,53.36
2025-10-10 20:59:14.049000+00:00,BTC-31OCT25-115000-P,0.0395,2.0,buy,114619.58,41.43
2025-10-10 20:59:17.338000+00:00,BTC-31OCT25-112000-P,0.028,0.2,buy,114602.77,42.16
2025-10-10 20:59:17.341000+00:00,BTC-31OCT25-112000-P,0.028,0.1,buy,114602.77,42.16
2025-10-10 20:59:17.341000+00:00,BTC-31OCT25-112000-P,0.028,2.0,buy,114602.77,42.16
2025-10-10 20:59:17.368000+00:00,BTC-31OCT25-118000-P,0.0535,1.7,buy,114602.77,40.18
2025-10-10 20:59:17.368000+00:00,BTC-31OCT25-118000-P,0.0535,0.1,buy,114602.77,40.18
2025-10-10 20:59:17.372000+00:00,BTC-31OCT25-116000-P,0.0435,2.3,buy,114602.77,40.59
2025-10-10 20:59:17.380000+00:00,BTC-31OCT25-116000-P,0.0435,0.1,sell,114602.77,40.59
2025-10-10 20:59:17.787000+00:00,BTC-28NOV25-102000-P,0.021,0.3,buy,114595.08,46.2
2025-10-10 20:59:17.787000+00:00,BTC-28NOV25-102000-P,0.021,4.7,buy,114595.08,46.2
2025-10-10 20:59:27.024000+00:00,BTC-31OCT25-120000-P,0.0665,0.1,buy,114445.51,40.78
2025-10-10 20:59:29.137000+00:00,BTC-31OCT25-125000-C,0.01,0.2,sell,114390.14,40.39
2025-10-10 20:59:29.622000+00:00,BTC-26DEC25-105000-P,0.0395,1.0,buy,114390.14,44.98
2025-10-10 20:59:30.447000+00:00,BTC-31OCT25-122000-P,0.08,0.5,buy,114297.75,41.21
2025-10-10 20:59:30.979000+00:00,BTC-31OCT25-114000-P,0.0365,0.1,buy,114297.75,41.76
2025-10-10 20:59:30.989000+00:00,BTC-17OCT25-115000-C,0.0205,0.3,buy,114297.75,43.61
2025-10-10 20:59:31.037000+00:00,BTC-17OCT25-115000-C,0.0205,0.3,sell,114297.75,43.61
2025-10-10 20:59:32.239000+00:00,BTC-31OCT25-112000-C,0.053,0.1,buy,114240.07,43.94
2025-10-10 20:59:32.240000+00:00,BTC-28NOV25-122000-C,0.0365,0.1,buy,114248.37,41.18
2025-10-10 20:59:32.263000+00:00,BTC-31OCT25-112000-C,0.053,0.1,buy,114240.07,43.94
2025-10-10 20:59:32.266000+00:00,BTC-28NOV25-122000-C,0.0365,0.1,buy,114248.37,41.18
2025-10-10 20:59:32.271000+00:00,BTC-31OCT25-116000-C,0.034,0.1,buy,114240.07,42.2
2025-10-10 20:59:33.286000+00:00,BTC-24OCT25-105000-P,0.009,0.1,buy,114240.07,49.21
2025-10-10 20:59:38.917000+00:00,BTC-31OCT25-85000-P,0.0021,2.0,buy,114319.41,70.5
2025-10-10 20:59:45.482000+00:00,BTC-26DEC25-100000-P,0.0285,0.1,buy,114288.43,46.57
2025-10-10 20:59:45.531000+00:00,BTC-26DEC25-100000-P,0.0285,0.1,buy,114288.43,46.57
2025-10-10 20:59:46.168000+00:00,BTC-26DEC25-100000-P,0.0285,0.1,buy,114274.14,46.55
2025-10-10 20:59:46.376000+00:00,BTC-26DEC25-100000-P,0.0285,0.1,buy,114274.14,46.55
2025-10-10 20:59:46.635000+00:00,BTC-26DEC25-100000-P,0.0285,0.4,buy,114274.14,46.55
2025-10-10 20:59:46.645000+00:00,BTC-26DEC25-100000-P,0.0285,0.2,buy,114274.14,46.55
2025-10-10 20:59:47.836000+00:00,BTC-27MAR26-125000-P,0.155,0.1,buy,114256.52,44.48
2025-10-10 20:59:51.453000+00:00,BTC-31OCT25-116000-P,0.0455,0.1,sell,114203.79,40.57
2025-10-10 20:59:51.464000+00:00,BTC-26DEC25-115000-C,0.082,0.2,buy,114169.08,43.19
2025-10-10 20:59:51.465000+00:00,BTC-17OCT25-115000-C,0.0205,0.3,buy,114169.08,44.65
2025-10-10 20:59:52.515000+00:00,BTC-28NOV25-100000-P,0.0185,0.3,buy,114203.79,47.19
2025-10-10 20:59:52.522000+00:00,BTC-28NOV25-100000-P,0.0185,2.8,sell,114203.79,47.19
2025-10-10 20:59:52.524000+00:00,BTC-28NOV25-100000-P,0.0185,1.9,sell,114203.79,47.19
2025-10-10 20:59:53.386000+00:00,BTC-31OCT25-126000-C,0.0085,0.3,sell,114274.49,40.56
2025-10-10 20:59:53.848000+00:00,BTC-24OCT25-105000-P,0.009,0.5,sell,114248.65,49.27
